-- MySQL dump 10.13  Distrib 8.0.35, for Win64 (x86_64)
--
-- Host: localhost    Database: game
-- ------------------------------------------------------
-- Server version	8.0.35

/*!40101 SET @OLD_CHARACTER_SET_CLIENT=@@CHARACTER_SET_CLIENT */;
/*!40101 SET @OLD_CHARACTER_SET_RESULTS=@@CHARACTER_SET_RESULTS */;
/*!40101 SET @OLD_COLLATION_CONNECTION=@@COLLATION_CONNECTION */;
/*!50503 SET NAMES utf8mb4 */;
/*!40103 SET @OLD_TIME_ZONE=@@TIME_ZONE */;
/*!40103 SET TIME_ZONE='+00:00' */;
/*!40014 SET @OLD_UNIQUE_CHECKS=@@UNIQUE_CHECKS, UNIQUE_CHECKS=0 */;
/*!40014 SET @OLD_FOREIGN_KEY_CHECKS=@@FOREIGN_KEY_CHECKS, FOREIGN_KEY_CHECKS=0 */;
/*!40101 SET @OLD_SQL_MODE=@@SQL_MODE, SQL_MODE='NO_AUTO_VALUE_ON_ZERO' */;
/*!40111 SET @OLD_SQL_NOTES=@@SQL_NOTES, SQL_NOTES=0 */;

--
-- Table structure for table `juego`
--

DROP TABLE IF EXISTS `juego`;
/*!40101 SET @saved_cs_client     = @@character_set_client */;
/*!50503 SET character_set_client = utf8mb4 */;
CREATE TABLE `juego` (
  `id_juego` decimal(10,0) NOT NULL,
  `nombre` varchar(128) NOT NULL,
  `fecha` date DEFAULT NULL,
  `rating` decimal(2,0) DEFAULT NULL,
  PRIMARY KEY (`id_juego`)
) ENGINE=InnoDB DEFAULT CHARSET=utf8mb4 COLLATE=utf8mb4_0900_ai_ci;
/*!40101 SET character_set_client = @saved_cs_client */;

--
-- Dumping data for table `juego`
--

LOCK TABLES `juego` WRITE;
/*!40000 ALTER TABLE `juego` DISABLE KEYS */;
INSERT INTO `juego` VALUES (0,'Juego sin plataforma',NULL,NULL),(14,'Mary-Kate and Ashley: Sweet 16: Licensed to Drive','2002-11-20',NULL),(44,'Ganbare Goemon Gaiden: Kieta Ougon Kiseru','1990-01-05',NULL),(51,'The Crackwell Legacy','2007-07-02',NULL),(57,'Beyblade','2001-12-13',NULL),(58,'Nederland','1991-01-01',NULL),(68,'Crash Bandicoot: The Wrath of Cortex','2001-10-29',NULL),(80,'Ruff and Reddy in the Space Adventure','1990-12-31',NULL),(82,'Saboteur','1985-05-09',NULL),(84,'Mensch Ärgere Dich Nicht!','2003-01-01',NULL),(87,'The Immortal','1990-12-31',NULL),(143,'Once Upon A Time: Little Red Riding Hood','1991-01-01',NULL),(146,'Dark Sun: Shattered Lands','1993-09-01',NULL),(165,'Cheerios Play Time','2001-12-31',NULL),(181,'Battleground 4: Shiloh','1997-01-31',NULL),(192,'Toppler','1990-01-01',NULL),(195,'The Rocky Horror Show','1985-12-31',NULL),(231,'Commander Keen 2: The Earth Explodes','1990-12-14',NULL),(250,'SimEarth: The Living Planet','1990-12-31',NULL),(285,'F355 Challenge: Passione Rossa','1999-07-31',NULL),(289,'Speedball 2: Brutal Deluxe','1990-12-31',NULL),(301,'Dare to Dream','1993-12-31',NULL),(307,'Atomic Robo-Kid','1990-12-31',NULL),(312,'Assault City','1990-12-31',NULL),(320,'Disney\'s Bonkers: Wax Up!','1995-02-04',NULL),(331,'Bloodwych: Data Disks Vol. 1','1990-01-01',NULL),(342,'Blind People Simulator','1990-12-31',NULL),(349,'King Neptune\'s Adventure','1990-12-31',NULL),(359,'Exterminator','1990-12-31',NULL),(365,'Friday: Death to Arthur Yahtzee','1998-01-01',NULL),(369,'Indiana Jones in Revenge of the Ancients','1987-12-31',NULL),(400,'Riding Hero','1990-07-24',NULL),(402,'Scenery Disk 6','1985-12-31',NULL),(474,'Neverwinter Nights','1991-03-31',NULL),(481,'Accordion','1990-02-28',NULL),(482,'Iznogoud','1987-12-30',NULL),(486,'Humbug','1990-12-31',NULL),(494,'G Darius','1998-03-31',NULL),(526,'NAM','1998-07-31',NULL),(543,'Dawn: A New Beginning','1996-01-01',NULL),(550,'Crypt Killer','1995-12-31',NULL),(578,'Final Zone','1990-10-12',NULL),(627,'Winzer','1991-01-01',NULL),(634,'Heroes of Might and Magic IV: The Gathering Storm','2002-09-26',NULL),(670,'Videocart-1: Tic-Tac-Toe, Shooting Gallery, Doodle, Quadra-Doodle','1976-08-01',NULL),(675,'Betrayal','1990-12-31',NULL),(721,'Ehrgeiz: God Bless the Ring','1999-04-30',NULL),(723,'Metal Gear 2: Solid Snake','1990-07-20',NULL),(728,'Star Rank Boxing','1985-12-31',NULL),(752,'Nanosaur Extreme','1998-12-01',NULL),(758,'Heart of Darkness','1998-07-31',NULL),(773,'Madou Monogatari','1998-07-23',NULL),(782,'Art Alive','1991-01-01',NULL),(786,'Destruction Derby','1995-11-16',NULL),(793,'Super Stardust HD','2007-06-28',NULL),(806,'Tom & Jerry Cat-astrophe','1990-06-30',NULL),(825,'Chemicus: Journey to the Other Side','2001-09-30',NULL),(840,'Metal Slug 2: Super Vehicle - 001/II','1998-02-23',NULL),(851,'Olli & Lissa 3: The Candlelight Adventure','1990-12-31',NULL),(864,'Spaceward Ho!','1990-12-31',NULL),(871,'Hexcite: The Shapes of Victory','1998-10-21',NULL),(878,'Front Page Sports: Golf','1997-04-30',NULL),(881,'Shingen the Ruler','1990-12-31',NULL),(901,'Magician','1991-02-28',NULL),(910,'Star Trek: The Kobayashi Alternative','1985-03-04',NULL),(934,'MechWarrior 4: Mercenaries','2002-11-07',NULL),(962,'Clockwork Knight','1995-05-11',NULL),(980,'Hegemonia: Legions of Iron','2002-11-13',NULL),(999,'Gallop Racer','1999-03-17',NULL),(1007,'Lost Kingdoms','2002-05-22',NULL),(1019,'Atomic Bomberman','1997-07-31',NULL),(1051,'Zona 0','1991-01-01',NULL),(1052,'Super PickUps','2007-10-16',NULL),(1055,'Super Breakout','1977-12-31',NULL),(1067,'Stellar 7','1990-12-31',NULL),(1082,'BrainBurst!','2002-01-01',NULL),(1126,'Attack','1976-12-31',NULL),(1134,'Balance of the Planet','1990-12-31',NULL),(1151,'Little Princess','1987-12-31',NULL),(1164,'Dragon Warrior I & II','1993-12-18',NULL),(1166,'Badlands','1990-12-31',NULL),(1173,'Goosebumps: Attack of the Mutant','1997-05-01',NULL),(1192,'Quattro Sports','1990-12-31',NULL),(1216,'Deep Dungeon IV: Kuro no Youjutsushi','1990-04-06',NULL),(1220,'Kabuki: Quantum Fighter','1990-12-21',NULL),(1265,'Invest','1991-01-01',NULL),(1271,'Columns Crown','2001-12-13',NULL),(1289,'Tie Break','1990-12-31',NULL),(1309,'Boomer\'s Adventure in ASMIK World','1990-04-13',NULL),(1332,'Faces','1990-12-31',NULL),(1334,'Super Mario World','1990-11-21',NULL),(1338,'New Ghostbusters II','1990-12-26',NULL),(1346,'Crazy Minigolf','2001-12-31',NULL),(1410,'Fatal Run','1990-12-31',NULL),(1416,'Comix Zone','1995-08-31',NULL),(1424,'Glover','1998-10-26',NULL),(1428,'Centurion: Defender of Rome','1990-05-29',NULL),(1432,'Section-Z','1985-12-31',NULL),(1441,'Elvira: Mistress of the Dark','1990-12-31',NULL),(1452,'Chew Man Fu','1990-03-30',NULL),(1455,'El Principio del Fin','1994-01-01',NULL),(1456,'Game & Watch Gallery 4','2002-10-25',NULL),(1479,'Dylan Dog: Horror Luna Park','1999-12-31',NULL),(1482,'Fighter Squadron: The Screaming Demons over Europe','1999-02-28',NULL),(1490,'Dragon Ball Z: Ultimate Battle 22','1995-07-28',NULL),(1538,'Ghoul Panic','1999-12-31',NULL),(1583,'La Aventura Espacial','1990-01-01',NULL),(1590,'Dynamite Cop!','1999-10-31',NULL),(1610,'Gaea Fallen','2002-01-08',NULL),(1612,'Achtung Spitfire','1997-08-31',NULL),(1622,'Mission: Impossible','1990-09-30',NULL),(1624,'Destiny of an Emperor','1990-09-30',NULL),(1647,'Gundam Battle Assault 2','2002-07-17',NULL),(1649,'Super Silverbrothers','1991-01-01',NULL),(1656,'Commander Keen: Invasion of the Vorticons','1990-12-14',NULL),(1659,'Jupiter\'s Masterdrive','1990-12-31',NULL),(1700,'Joe Montana Football','1990-12-31',NULL),(1704,'Combat Two','2001-08-11',NULL),(1713,'Doom Troopers: Mutant Chronicles','1995-11-30',NULL),(1716,'StarBlade','1990-12-31',NULL),(1751,'The Eidolon','1985-12-31',NULL),(1752,'Double Dragon','1995-03-03',NULL),(1758,'CIA Operative: Solo Missions','2001-05-31',NULL),(1764,'LEGO Racers & LEGO Racers 2','2002-05-17',NULL),(1768,'Shadow of the Ninja','1990-08-10',NULL),(1773,'Global Operations','2002-03-25',NULL),(1790,'Rock \'n Ball','1990-01-31',NULL),(1801,'Puzzle','1990-12-31',NULL),(1811,'Street Racer','1977-10-01',NULL),(1823,'Sabre Wulf','1985-12-31',NULL),(1825,'Hockey Pong','1997-12-31',NULL),(1839,'Anno 1602: Erschaffung einer neuen Welt - Neue Inseln, Neue Abenteuer','1998-01-01',NULL),(1844,'21-en','1991-01-01',NULL),(1850,'Ninja Gaiden III: The Ancient Ship of Doom','1991-06-21',NULL),(1853,'NES Play Action Football','1990-09-30',NULL),(1856,'Quattro Arcade','1990-12-31',NULL),(1901,'Supreme Commander','2007-02-20',NULL),(1904,'Facing the Empire','1991-01-01',NULL),(1917,'Hugo\'s House of Horrors','1990-01-31',NULL),(1933,'Tank','1985-12-31',NULL),(1967,'Moonbase','1990-12-31',NULL),(1977,'Jacaranda Jim','1987-12-31',NULL),(1994,'Chip \'N Dale: Rescue Rangers','1990-06-30',NULL),(1996,'The Neverending Story','1985-12-31',NULL),(1997,'Night Creatures','1991-12-31',NULL),(2018,'Metal Slug 4','2002-06-12',NULL),(2021,'Time Gal','1985-12-31',NULL),(2028,'La Guerra de las Vajillas','1988-01-01',NULL),(2037,'Maniac Mansion','1987-10-05',NULL),(2057,'Karnov','1987-12-31',NULL),(2073,'Street Rod','1990-12-31',NULL),(2078,'Mobile Forces','2002-08-16',NULL),(2093,'Lupo Alberto, The VideoGame','1990-01-01',NULL),(2099,'Disney\'s Beauty and the Beast: Belle\'s Quest','1993-08-21',NULL),(2119,'Magician Lord','1990-04-26',NULL),(2142,'Soviet','1990-01-01',NULL),(2144,'Star Wolves 2','2007-12-05',NULL),(2183,'MiG-29 Fulcrum','1998-10-06',NULL),(2207,'Bakushou! Star Monomane Shitennou','1990-09-14',NULL),(2213,'The Lucky Dime Caper starring Donald Duck','1991-01-01',NULL),(2215,'Golden Nugget 64','1998-12-01',NULL),(2231,'Crystalis','1990-12-31',NULL),(2257,'Sum Ducks','1985-12-31',NULL),(2261,'Hoyle Classic Games','1997-11-30',NULL),(2271,'Sunset Runner','2007-10-29',NULL),(2277,'R.B.I. Baseball 2','1990-12-31',NULL),(2299,'Rad Racer II','1990-12-31',NULL),(2307,'Krazy Kreatures','1990-12-31',NULL),(2322,'Cabela\'s 4x4 Off-Road Adventure','2001-02-13',NULL),(2332,'Continuum','1990-12-31',NULL),(2336,'The Bard\'s Tale III: Thief of Fate','1990-12-31',NULL),(2344,'Mach 3','1987-12-31',NULL),(2380,'Bubble Plus','1990-12-31',NULL),(2387,'The Mist','1985-12-31',NULL),(2388,'StarTropics','1990-12-01',NULL),(2416,'Gran Turismo','1998-05-12',NULL),(2418,'Dragonflight','1990-12-31',NULL),(2429,'Growl','1990-12-31',NULL),(2448,'Rise of the Dragon','1990-12-31',NULL),(2487,'Crystals of Arborea','1990-01-01',NULL),(2489,'Get Medieval','1998-08-22',NULL),(2506,'Armored Fist 2','1997-09-30',NULL),(2524,'Men in Black II: Alien Escape','2002-06-28',NULL),(2530,'MakeBridge','2003-01-01',NULL),(2532,'Magic: The Gathering - Duels of the Planeswalkers','1998-01-29',NULL),(2533,'Meltdown','1990-12-31',NULL),(2541,'Tank Wars','1990-12-31',NULL),(2553,'Halls of the Dead: Faery Tale Adventure II','1997-12-31',NULL),(2554,'Chip \'N Dale Rescue Rangers: The Adventure in Nimnul\'s Castle','1990-03-01',NULL),(2558,'Robot II: Das Labyrinth im Wald','1990-04-30',NULL),(2563,'James Bond: The Stealth Affair','1990-06-10',NULL),(2568,'Wings','1990-12-31',NULL),(2571,'Minority Report: Everybody Runs','2002-11-12',NULL),(2627,'Airstrike USA','1990-12-31',NULL),(2631,'Infestation','1990-12-31',NULL),(2637,'Micro Commandos','2002-09-24',NULL),(2642,'Damocles: Mercenary II','1990-12-31',NULL),(2653,'LHX: Attack Chopper','1990-12-31',NULL),(2685,'Sol-Feace','1990-11-22',NULL),(2689,'Grossology','1997-12-31',NULL),(2690,'Armed & Delirious','1997-10-31',NULL),(2701,'The Light Corridor','1990-12-31',NULL),(2724,'FX Chess','1999-12-29',NULL),(2731,'Mega Man Zero','2002-04-26',NULL),(2757,'Dual Orb','1993-04-16',NULL),(2764,'Abadox: The Deadly Inner War','1990-03-31',NULL),(2790,'Cloud Kingdoms','1990-12-31',NULL),(2806,'Godzilla: Destroy All Monsters Melee','2002-10-08',NULL),(2840,'Sonic Blast Man','1990-12-31',NULL),(2845,'Gabriel Knight 3: Blood of the Sacred, Blood of the Damned','1999-10-05',NULL),(2848,'Disc','1990-12-31',NULL),(2853,'Operation C','1991-02-08',NULL),(2861,'NBA Live 99','1998-10-27',NULL),(2884,'Golf Resort Tycoon II','2002-02-28',NULL),(2887,'Charlie II','2001-11-01',NULL),(2976,'Carlos Sainz','1990-01-01',NULL),(2980,'Half-Life','1998-11-19',NULL),(2992,'Syphon Filter: Combat Ops','2007-11-20',NULL),(3004,'Herdy Gerdy','2002-03-04',NULL),(3011,'Joust VGA','1990-04-18',NULL),(3012,'Pyramid','1990-12-31',NULL),(3014,'Dungeon Rogue','1993-12-31',NULL),(3017,'Momotarou Densetsu Gaiden','1991-12-26',NULL),(3019,'The Secret of Monkey Island','1990-10-15',NULL),(3146,'Medieval Warriors','1991-12-31',NULL),(3166,'GoldenEye 007','1997-08-25',NULL),(3206,'Tanktics: Computer game of Armored Combat on the Eastern Front','1976-12-31',NULL),(3225,'Tennis','1976-08-31',NULL),(3241,'Mysterium','1991-07-31',NULL),(3259,'NCAA Football 99','1998-08-05',NULL),(3273,'Game, Net & Match!','1998-06-30',NULL),(3292,'Forbes Corporate Warrior','1997-08-15',NULL),(3294,'Video Olympics','1977-10-14',NULL),(3304,'Disney\'s Magical Quest 3 Starring Mickey and Donald','1995-12-08',NULL),(3318,'Mike Tyson Heavyweight Boxing','2002-06-23',NULL),(3386,'G-Police: Weapons of Justice','1999-08-31',NULL),(3405,'Milo\'s Astro Lanes','1998-11-24',NULL),(3413,'Ed Hunter','1999-05-17',NULL),(3442,'European Champions','1993-12-31',NULL),(3457,'MediEvil','1998-10-01',NULL),(3460,'Discworld','1995-02-17',NULL),(3469,'Strike Ball 2 Deluxe','2007-03-30',NULL),(3537,'Conflict Zone','2001-10-31',NULL),(3558,'Hexen II Mission Pack: Portal of Praevus','1998-03-31',NULL),(3560,'Jaws','1987-11-30',NULL),(3568,'Flesh Feast','1998-06-30',NULL),(3576,'Space Doubt','1985-12-31',NULL),(3605,'Ace Combat 2','1997-08-15',NULL),(3610,'Moonshine Racers','1991-12-31',NULL),(3615,'Namco Anthology Vol. 2','1998-09-23',NULL),(3640,'Harvest Moon GB','1997-12-19',NULL),(3703,'Rodeo','1986-01-01',NULL),(3713,'Monster Business','1991-12-31',NULL),(3725,'F1','1993-12-31',NULL),(3779,'D','1995-04-01',NULL),(3789,'Mavis Beacon Teaches Typing!','1987-12-31',NULL),(3793,'James Bond 007 in The Living Daylights: The Computer Game','1987-12-31',NULL),(3842,'Super Huey UH-IX','1985-12-31',NULL),(4002,'Avalon','1998-01-01',NULL),(4049,'The Wizard of Oz','1985-12-31',NULL),(4068,'Legacy of the Wizard','1987-07-09',NULL),(4085,'Hollywood Monsters','1997-12-31',NULL),(4116,'Wild Gunman','1974-06-30',NULL),(4133,'The Chosen: Well of Souls','2007-10-01',NULL),(4167,'Lucky Luke','1998-11-30',NULL),(4177,'Gremlins: Stripe Vs. Gizmo','2002-12-31',NULL),(4188,'G.I. Combat: Episode 1 - Battle of Normandy','2002-11-04',NULL),(4202,'Evolution: The World of Sacred Device','1999-01-21',NULL),(4205,'Strategy Game Pack Volume 1','2007-11-15',NULL),(4228,'Haven: Call of the King','2002-11-17',NULL),(4257,'Gunple: Gunman\'s Proof','1997-01-31',NULL),(4277,'Golden Sun: The Lost Age','2002-06-28',NULL),(4278,'Battleground 6: Napoleon in Russia','1997-04-30',NULL),(4279,'Math-A-Magic! / Echo!','1978-01-01',NULL),(4283,'Bumper Wars','2001-01-31',NULL),(4338,'Final Fantasy Anthology','1999-09-30',NULL),(4384,'Command & Conquer','1995-01-01',NULL),(4434,'Earthworm Jim 3D','1999-10-31',NULL),(4457,'Neko','1991-11-28',NULL),(4490,'Romance of the Three Kingdoms','1985-12-31',NULL),(4498,'Gothos','1997-01-01',NULL),(4499,'EGG: Elemental Gimmick Gear','1999-05-27',NULL),(4522,'Medal of Honor: Allied Assault','2002-01-20',NULL),(4545,'Ganbare Goemon: Mononoke Sugoroku','1999-12-25',NULL),(4554,'Microsoft Combat Flight Simulator 3: Battle For Europe','2002-10-31',NULL),(4603,'Motocross Madness','1998-08-14',NULL),(4629,'Detective Storm','1996-01-01',NULL),(4660,'Mario Party 4','2002-10-21',NULL),(4678,'Jack the Nipper 2: In Coconut Capers','1987-12-31',NULL),(4688,'Nova 9: Return of Gir Draxon','1991-12-31',NULL),(4715,'LMA Manager 2003','2002-11-15',NULL),(4746,'Giten Megami Tensei: Tokyo Mokushiroku','1997-04-04',NULL),(4771,'Speedway','1986-01-01',NULL),(4787,'Videocart-6: Math Quiz I - Addition, Subtraction','1977-01-01',NULL),(4814,'Archimedean Dynasty','1997-04-04',NULL),(4847,'Elysium','1993-01-01',NULL),(4857,'Medal of Honor: Frontline','2002-05-29',NULL),(4859,'Frogger Advance: The Great Quest','2002-05-26',NULL),(4870,'Caesar\'s Palace Advance: Millenium Gold Edition','2001-12-31',NULL),(4879,'Once Upon A Time: Abracadabra','1991-12-31',NULL),(4886,'Formula Karts: Special Edition','1997-12-31',NULL),(4935,'Barbie Magic Hair Styler','1997-10-01',NULL),(4936,'NBA Full Court Press','1998-03-30',NULL),(4937,'Elf Bowling','1999-01-01',NULL),(4939,'Formula One 99','1999-10-20',NULL),(4941,'Lethal Labyrinth','1987-06-01',NULL),(4987,'Daryl F. Gates\' Police Quest: SWAT','1995-09-30',NULL),(4990,'Leisure Suit Larry 1:  In the Land of the Lounge Lizards','1987-07-05',NULL),(5017,'Flipull','2002-06-30',NULL),(5020,'Goal Storm \'97','1997-06-05',NULL),(5082,'Gamera 2000','1997-04-30',NULL),(5089,'Michael Owen?s World League Soccer ?99','1998-12-31',NULL),(5111,'Theatre Europe','1985-06-30',NULL),(5123,'MLB 99','1998-04-14',NULL),(5131,'The Crimson Crown','1985-12-31',NULL),(5150,'DOSMINE','1993-01-01',NULL),(5221,'Hardwar','1998-12-31',NULL),(5248,'Guardian\'s Sword','1998-12-31',NULL),(5271,'Incredible Shrinking Sphere','1987-11-01',NULL),(5305,'MechWarrior 4: Inner Sphere \'Mech Pak','2002-06-15',NULL),(5342,'Masq','2002-01-01',NULL),(5348,'Air-Sea Battle','1977-10-01',NULL),(5368,'Combat','1977-10-14',NULL),(5370,'Dungeon Hack','1993-12-23',NULL),(5395,'Lunar Legend','2002-12-10',NULL),(5472,'3-D Ultra Pinball: The Lost Continent','1997-12-31',NULL),(5544,'Congo the Movie: Descent into Zinj','1995-12-31',NULL),(5550,'Command & Conquer: Yuri\'s Revenge','2001-10-10',NULL),(5570,'Alundra','1997-12-31',NULL),(5585,'H.E.D.Z.','1998-09-25',NULL),(5591,'Megaball','1991-12-31',NULL),(5634,'F-22 Lightning 3','1999-12-31',NULL),(5636,'Hot Wheels: Stunt Track Driver','1998-10-15',NULL),(5656,'Dirty Larry: Renegade Cop','1993-01-31',NULL),(5698,'Manchester United Europe','1991-12-31',NULL),(5708,'Metroid II: Return of Samus','1991-11-30',NULL),(5716,'GunValkyrie','2002-03-30',NULL),(5719,'Videocart-5: Space War','1977-01-01',NULL),(5741,'Crusader: No Remorse','1995-08-31',NULL),(5748,'GeneRally','2002-05-16',NULL),(5759,'Extreme Bullrider','1999-12-31',NULL),(5845,'Super Puzzle Fighter II Turbo HD Remix','2007-08-29',NULL),(5887,'Gubble 2','1998-09-26',NULL),(5896,'Paganitzu','1991-09-30',NULL),(5904,'Full Moon in San Francisco','2002-12-31',NULL),(5971,'Ganbare Goemon: Tengu-to no Gyuakushu!','1999-01-14',NULL),(6030,'Othello','1991-01-01',NULL),(6036,'Space Harrier','1985-10-31',NULL),(6075,'Dragon Ball Z Gaiden: Saiyajin Zetsumetsu Keikaku','1993-08-06',NULL),(6133,'Fish Fillets','1998-12-31',NULL),(6175,'The Aly & AJ Adventure','2007-01-01',NULL),(6207,'Mary-Kate and Ashley: Girls Night Out','2002-03-19',NULL),(6220,'Montezuma\'s Return','1998-09-30',NULL),(6235,'7th Legion','1997-09-30',NULL),(6243,'Mystical Ninja Starring Goemon','1998-04-16',NULL),(6258,'Frogger Beyond','2002-12-06',NULL),(6263,'Ar\'Kritz the Intruder','1997-01-01',NULL),(6347,'Grand Prix Legends','1998-12-31',NULL),(6365,'NCAA GameBreaker 99','1998-10-31',NULL),(6375,'Becher\'s Dream','2002-01-01',NULL),(6424,'Mario Party','1998-12-18',NULL),(6431,'FunPack 3D','1998-12-31',NULL),(6465,'Dino Dini\'s Soccer','1995-06-29',NULL),(6479,'Freedom Force','2002-01-09',NULL),(6523,'Links 2003: Championship Edition','2002-09-16',NULL),(6529,'Monster Truck Madness 2','1998-04-30',NULL),(6680,'GodPey','2002-05-26',NULL),(6708,'Fatal Fury: First Contact','1999-05-12',NULL),(6726,'No Greater Glory','1991-12-31',NULL),(6727,'Game & Watch Gallery','1997-05-08',NULL),(6750,'Magische Kristalle','2003-01-01',NULL),(6800,'Criticom','1995-11-29',NULL),(6822,'Follow Hoothoot','2002-08-23',NULL),(6895,'Cabela\'s Ultimate Deer Hunt','2001-08-31',NULL),(6920,'Oh No! More Lemmings','1991-12-31',NULL),(6921,'Disney\'s Timon & Pumbaa\'s Jungle Games','1995-12-31',NULL),(6925,'Flight Unlimited III','1999-09-06',NULL),(6929,'Lord of the Shades','2003-01-01',NULL),(6943,'Nibbles','1991-06-30',NULL),(6967,'A Fork in the Tale','1997-02-28',NULL),(6989,'No Limits','1991-12-31',NULL),(7004,'Hitman 2: Silent Assassin','2002-10-01',NULL),(7005,'Dragon Slayer: Eiyuu Densetsu II','1993-06-04',NULL),(7070,'Conquest: Frontier Wars','2001-08-14',NULL),(7073,'Disney\'s Beauty and the Beast: Roar of the Beast','1993-06-16',NULL),(7086,'Conqueror: A.D. 1086','1995-12-31',NULL),(7099,'Mat Hoffman\'s Pro BMX 2','2002-08-12',NULL),(7109,'Stranded II','2007-06-20',NULL),(7118,'Blobula','2001-10-22',NULL),(7170,'Flyin\' High','1997-01-01',NULL),(7235,'Evasive Action','1993-12-31',NULL),(7238,'Mega Twins','1991-12-31',NULL),(7243,'Battle Stations','1997-12-31',NULL),(7313,'Gran Turismo Concept: 2002 Tokyo-Geneva','2002-07-19',NULL),(7326,'Doom','1993-12-10',NULL),(7482,'Gran Turismo Concept: 2001 Tokyo','2002-01-01',NULL),(7565,'Silent Service','1985-12-31',NULL),(7576,'Surf\'s Up','2007-05-29',NULL),(7614,'Hollywood Mogul','1997-12-31',NULL),(7615,'Tau Ceti','1985-12-31',NULL),(7631,'Ahlgrens Bilspelet','1997-01-01',NULL),(7644,'Battleground 7: Bull Run','1997-04-30',NULL),(7708,'Gitaroo Man','2002-02-20',NULL),(7723,'Grand Prix 4','2002-09-10',NULL),(7772,'Africa Trail','1997-02-28',NULL),(7781,'Taito Legends 2','2007-03-16',NULL),(7807,'Lucky Luke: On the Dalton\'s Trail','1998-05-31',NULL),(7846,'Earthworm Jim: Menace 2 the Galaxy','1999-11-10',NULL),(7901,'Mega Man Legends','1998-08-31',NULL),(7910,'Lux','2002-11-25',NULL),(7926,'Arcade\'s Greatest Hits: The Midway Collection 2','1997-11-21',NULL),(7936,'Moraff\'s World','1991-12-31',NULL),(7938,'Soul of a Robot','1985-12-31',NULL),(7998,'Master of Monsters','1991-12-31',NULL),(8010,'Submarine','1972-08-31',NULL),(8018,'Blood Wake','2001-12-28',NULL),(8031,'Dragon Ball Z Super Gokuden: Kakusei-Hen','1995-09-22',NULL),(8071,'Monaco Grand Prix Racing Simulation 2','1998-06-02',NULL),(8122,'G-Nome','1997-02-28',NULL),(8128,'Mean Streak','1987-12-31',NULL),(8141,'Mega Man 4','1991-12-06',NULL),(8198,'Expert Pool','1999-08-31',NULL),(8200,'Donkey Kong Land','1995-06-26',NULL),(8231,'Masters of the Universe: The Arcade Game','1987-12-31',NULL),(8237,'Helicops','1997-03-31',NULL),(8262,'Golf Adventure Galaxy','2003-01-01',NULL),(8285,'Fatal Fury: Wild Ambition','1999-01-28',NULL),(8335,'Sports Game Pack (Manager Edition)','2007-11-15',NULL),(8349,'Hearts of Iron','2002-11-24',NULL),(8354,'M.A.X. 2: Mechanized Assault & Exploration','1998-06-29',NULL),(8370,'Harry Potter and the Chamber of Secrets','2002-11-14',NULL),(8375,'Der Langrisser','1995-06-30',NULL),(8396,'Chromatron','2002-01-01',NULL),(8456,'An Elder Scrolls Legend: Battlespire','1997-11-30',NULL),(8492,'Capcom vs. SNK 2: Mark of the Millennium','2001-08-31',NULL),(8548,'Lawn Mower','1987-12-31',NULL),(8586,'Emergency Room 2','1999-01-31',NULL),(8598,'The Movie Monster Game','1986-01-01',NULL),(8605,'Marvel vs. Capcom: Clash of Super Heroes','1998-01-23',NULL),(8625,'Force 21','1999-07-31',NULL),(8683,'Frogger\'s Adventures 2: The Lost Wand','2002-11-05',NULL),(8686,'Doraemon: Nobita to Yousei no Kuni','1993-02-19',NULL),(8704,'Midwinter II: Flames of Freedom','1991-06-14',NULL),(8716,'Gearhead Garage','1999-06-15',NULL),(8725,'Mixed-Up Fairy Tales','1991-12-31',NULL),(8726,'Switchball','2007-06-26',NULL),(8730,'Masters of the Universe: He-Man: Power of Greyskull','2002-10-29',NULL),(8783,'OutRun Europa','1991-12-31',NULL),(8792,'Formula 1 \'98','1998-11-30',NULL),(8885,'NES Open Tournament Golf','1991-09-01',NULL),(8926,'Subnodule','1985-12-31',NULL),(8983,'Terminator Revenge','2007-12-02',NULL),(8987,'Herc\'s Adventures','1997-07-31',NULL),(9010,'Formula 1 Championship Edition','1997-09-30',NULL),(9034,'Marble Blast Gold','2002-12-27',NULL),(9037,'Gungrave','2002-09-17',NULL),(9069,'Hexplore','1998-08-31',NULL),(9084,'Syphon Filter: Logan\'s Shadow','2007-10-02',NULL),(9106,'Metal Dungeon','2002-02-28',NULL),(9113,'Bomberman Tournament','2001-10-08',NULL),(9116,'EA Sports Double Header','1993-12-31',NULL),(9199,'Chou Mahou Tairiku Wozz','1995-08-04',NULL),(9201,'The Darkness','2007-06-25',NULL),(9249,'Chrono Trigger','1995-03-11',NULL),(9286,'Ecco the Dolphin','1993-06-06',NULL),(9351,'Thing on a Spring','1985-12-31',NULL),(9388,'Henry','1997-12-31',NULL),(9396,'Robbbot','1986-01-01',NULL),(9409,'Magic Pengel: The Quest for Color','2002-03-20',NULL),(9413,'Cossacks: European Wars','2001-04-24',NULL),(9454,'Ganbare Goemon: Mononoke Douchuu Tobidase Nabe-Bugyou!','1999-12-16',NULL),(9474,'Thai Boxing','1985-12-31',NULL),(9482,'Cruis\'n World','1996-01-01',NULL),(9558,'Magic: The Gathering Online','2002-06-24',NULL),(9573,'Defender of the Crown II','1993-12-31',NULL),(9605,'Microsoft Revenge of Arcade','1998-07-31',NULL),(9620,'Flight Unlimited II','1997-12-12',NULL),(9622,'Hold Down Hoppip','2002-02-22',NULL),(9643,'FireTeam','1998-11-30',NULL),(9693,'Hired Team: Trial GOLD','2002-04-30',NULL),(9720,'Freddi Fish 3: The Case of the Stolen Conch Shell','1998-01-06',NULL),(9751,'Strip4','2007-11-01',NULL),(9782,'Mercenary III: The Dion Crisis','1991-12-31',NULL),(9799,'Skeet Shootin\'','1985-12-31',NULL),(9812,'Little Fighter 2','2002-01-18',NULL),(9916,'The Apprentice: Los Angeles','2007-04-13',NULL),(9957,'Game & Watch Gallery 2','1998-11-01',NULL),(9958,'Moraff\'s Blast I','1991-01-01',NULL),(10041,'Laplace no Ma','1987-04-07',NULL),(10068,'Casper: Spirit Dimensions','2001-09-30',NULL),(10086,'Gooch Grundy\'s X-Decathlon','1997-12-31',NULL),(10100,'The Last V8','1985-12-31',NULL),(10130,'Kingdom of Kroz','1987-12-31',NULL),(10157,'Clive Barker\'s Undying','2001-02-19',NULL),(10233,'Catan: Die Erste Insel','2001-03-31',NULL),(10256,'Serpy','1986-01-01',NULL),(10258,'Battle Hunter','2001-04-12',NULL),(10266,'Dotso','1995-12-31',NULL),(10292,'League Challenge','1987-12-31',NULL),(10321,'Rockman','1985-12-31',NULL),(10323,'Metroid Fusion','2002-11-19',NULL),(10331,'iF-22','1997-07-31',NULL),(10410,'Extreme Boards and Blades','1999-05-31',NULL),(10417,'Mühle-Online','1998-12-31',NULL),(10423,'Flying Saucer','1998-01-01',NULL),(10429,'Babylon 5: Shadow Wars','1997-12-31',NULL),(10447,'Star Raiders II','1986-01-01',NULL),(10479,'Starship Kingdom','2007-01-10',NULL),(10485,'Age of Empires','1997-10-26',NULL),(10494,'SoftAid','1985-12-31',NULL),(10500,'Birthright: The Gorgon\'s Alliance','1997-12-31',NULL),(10514,'Monuments of Mars','1991-12-31',NULL),(10528,'Monkey Island 2:  LeChuck\'s Revenge','1991-12-01',NULL),(10533,'Conker\'s Bad Fur Day','2001-03-04',NULL),(10535,'Super Robin Hood','1985-11-01',NULL),(10548,'Mobility: A City in Motion','1999-01-01',NULL),(10568,'Hellnight','1998-11-06',NULL),(10572,'101 Dalmatians: Escape From DeVil Manor','1997-06-11',NULL),(10585,'Sumotori Dreams','2007-01-01',NULL),(10617,'Loons: The Fight for Fame','2002-09-15',NULL),(10663,'Hamurabi','1972-12-31',NULL),(10671,'GT Racing 97','1997-12-31',NULL),(10674,'Garou: Mark of the Wolves','1999-11-26',NULL),(10686,'BrickAttack','2002-01-01',NULL),(10692,'Heroes of Might and Magic IV','2002-03-28',NULL),(10717,'Maximo: Ghosts to Glory','2002-02-11',NULL),(10730,'Dagger\'s Rage','1995-12-31',NULL),(10752,'Sea Wolf','1976-12-31',NULL),(10796,'EverQuest','1999-03-16',NULL),(10804,'Bilspel','1997-01-01',NULL),(10812,'Beasts & Bumpkins','1997-07-31',NULL),(10820,'Chronomaster','1995-12-20',NULL),(10839,'Bounty Hunter Sara: Holy Mountain no Teiou','2001-05-24',NULL),(10868,'Last Ninja 2: Back with a Vengeance','1988-01-01',NULL),(10900,'Dr. Drago\'s Madcap Chase','1995-01-01',NULL),(10911,'Freddi Fish 4: The Case of the Hogfish Rustlers of Briny Gulch','1999-10-29',NULL),(10944,'M1 Tank Platoon 2','1998-02-28',NULL),(10990,'Genma Onimusha','2002-01-28',NULL),(11101,'Eishockey Manager','1993-12-31',NULL),(11102,'Over Horizon','1991-12-31',NULL),(11107,'Flying Corps','1997-12-31',NULL),(11122,'Battleground 8: Prelude to Waterloo','1997-09-30',NULL),(11132,'Damage: The Sadistic Butchering of Humanity','1996-01-01',NULL),(11172,'March Madness \'98','1998-02-28',NULL),(11208,'Super Bowl','1977-12-31',NULL),(11241,'Sopwith','1985-01-01',NULL),(11266,'Formula One 2002','2002-10-31',NULL),(11279,'Sword of the Stars: Born of Blood','2007-06-06',NULL),(11299,'Gunbee F-99: The Kidnapping of Lady Akiko','1998-01-01',NULL),(11303,'La Abadía del Crimen','1987-12-31',NULL),(11313,'Alpha Storm','1997-01-01',NULL),(11317,'Guimo','1997-12-31',NULL),(11371,'Gex: Enter the Gecko','1998-02-24',NULL),(11393,'Harley-Davidson: Race Across America','1998-12-31',NULL),(11396,'Might and Magic IX','2002-03-29',NULL),(11422,'GO, Poliwrath!','2002-09-16',NULL),(11442,'Dr. Robotnik\'s Mean Bean Machine','1993-12-31',NULL),(11451,'Bazooka Sue','1997-01-01',NULL),(11460,'Indian Mission','1988-01-01',NULL),(11467,'NASCAR Track Pack','1991-06-03',NULL),(11493,'Dragon Ball Z Super Gokuden: Totsugeki-Hen','1995-03-24',NULL),(11571,'Ignition','1997-12-31',NULL),(11615,'Lady Safari','1988-01-01',NULL),(11672,'A-Type','1998-01-01',NULL),(11679,'Jagur 5','1987-12-31',NULL),(11680,'Anastasia: Adventures with Pooka and Bartok','1997-12-31',NULL),(11705,'Games People Play: Hearts, Spades, and Euchre','1997-12-31',NULL),(11735,'Cyberia 2: Resurrection','1995-12-31',NULL),(11739,'Deep II: The Center of the Earth','1993-01-01',NULL),(11775,'Backgammon Deluxe','1997-12-31',NULL),(11813,'Guilty Gear','1998-10-31',NULL),(11823,'NASCAR Racing - 1999 Edition','1998-12-07',NULL),(11826,'Monty Python\'s Looney Bin','1998-12-31',NULL),(11866,'NBA in the Zone \'98','1998-01-31',NULL),(11872,'Engacho!','1999-10-28',NULL),(11873,'Memory','1991-01-01',NULL),(11901,'Image Fight','1988-01-01',NULL),(11902,'Biko 2','2001-01-12',NULL),(11925,'Farland Odyssey','1999-07-09',NULL),(11974,'MiG-29M Super Fulcrum','1991-12-31',NULL),(11980,'Dragon: The Bruce Lee Story','1993-12-31',NULL),(11990,'Ballblazer Champions','1997-03-31',NULL),(11998,'Championship Manager Quiz','2001-11-30',NULL),(12014,'Evil Zone','1999-01-14',NULL),(12026,'Spellbreaker','1985-09-16',NULL),(12054,'Battle Realms','2001-11-07',NULL),(12057,'MechCommander','1998-05-31',NULL),(12061,'Dark Universe','1995-01-01',NULL),(12084,'Temple of Apshai Trilogy','1985-12-31',NULL),(12108,'Mad Maestro!','2002-03-12',NULL),(12110,'Moto Racer 2','1998-08-31',NULL),(12119,'Excessive Speed','1999-12-31',NULL),(12155,'Gag: Het Impotentie-Mysterie','1999-01-01',NULL),(12167,'Stuntman: Ignition','2007-08-28',NULL),(12194,'GT Advance 2: Rally Racing','2002-06-30',NULL),(12199,'Epic Pinball','1993-11-30',NULL),(12245,'Gauntlet Legends','1998-10-31',NULL),(12250,'Easy Bake Kitchen','1999-06-23',NULL),(12255,'Seas of Blood','1985-12-31',NULL),(12256,'Dungeon','1993-12-31',NULL),(12277,'Final Fantasy VIII','1999-02-11',NULL),(12286,'The Fairyland Story','1985-12-31',NULL),(12296,'Metal Storm','1991-02-01',NULL),(12315,'Dangerous Dave\'s Risky Rescue','1993-12-31',NULL),(12352,'Swatches','2007-12-13',NULL),(12353,'Summer Games II','1985-12-31',NULL),(12368,'Dinosaur Adventure 3-D','1993-12-31',NULL),(12398,'Don\'t Wake the SysOp','1995-09-24',NULL),(12429,'Master Rallye','2002-04-30',NULL),(12446,'Super Granny 4','2007-12-12',NULL),(12456,'G-Police','1997-10-15',NULL),(12506,'Flanker 2.0','1999-09-30',NULL),(12541,'Freespace 2','1999-10-01',NULL),(12551,'Steam','2007-04-02',NULL),(12559,'Might and Magic III: Isles of Terra','1991-12-31',NULL),(12628,'Double Switch','1993-12-31',NULL),(12644,'Ganryu','1999-12-31',NULL),(12658,'FourFourTwo Touchline Passion','2002-10-11',NULL),(12700,'Teeworlds','2007-08-05',NULL),(12731,'Supercow','2007-01-01',NULL),(12739,'Super Paper Mario','2007-04-09',NULL),(12779,'Kung Fu Kid','1987-05-17',NULL),(12795,'CoLoBot','2001-08-20',NULL),(12817,'Descent: Levels of the World','1995-12-31',NULL),(12842,'Disney\'s Toy Story','1995-12-31',NULL),(12849,'Heavy Gear','1997-10-31',NULL),(12857,'N?O Nitrous Oxide','1998-06-30',NULL),(12876,'Mech Platoon','2002-01-03',NULL),(12898,'Stars over Half Moon Bay','2008-01-01',NULL),(12901,'Daryl F. Gates\' Police Quest: Open Season','1993-12-31',NULL),(12907,'Crescendo','2001-09-18',NULL),(12955,'Soccer','1985-04-09',NULL),(12980,'Dragon\'s Lair III: The Curse of Mordread','1993-12-31',NULL),(12987,'Mermaids of Atlantis: The Riddle of The Magic Bubble','1991-12-31',NULL),(12992,'GermNation','2000-01-01',NULL),(13006,'Battle Wrath','1997-12-31',NULL),(13016,'Oeka Kids: Anpanman no Hiragana Daisuki','1991-03-26',NULL),(13025,'Bazooka of the Red Dragon','1997-01-01',NULL),(13034,'Ganbare Goemon: Kuru Nara Koi! Ayashi Geikka no Kuroi Kage','1998-12-23',NULL),(13049,'Breakout','1976-05-13',NULL),(13053,'Final Fantasy VII','1997-01-31',NULL),(13073,'Fire Emblem: Thracia 776','1999-09-01',NULL),(13102,'F-1 World Grand Prix II','1999-12-31',NULL),(13140,'History of the World','1997-07-31',NULL),(13172,'Fighters Destiny','1998-01-27',NULL),(13190,'Fengse Huanxiang','1999-01-01',NULL),(13197,'Castlevania: Circle of the Moon','2001-03-21',NULL),(13218,'Mega Man & Bass','1998-04-24',NULL),(13228,'Microsoft Combat Flight Simulator: WWII Europe Series','1998-09-30',NULL),(13230,'Grim Fandango','1998-10-30',NULL),(13299,'Galapagos: Mendel\'s Escape','1997-10-31',NULL),(13321,'Boku Wa Koukuu Kansei-An','2001-03-21',NULL),(13363,'Excelsior Phase Two: Errondor','1999-12-31',NULL),(13387,'ABC Sports Indy Racing','1997-12-31',NULL),(13423,'Operation Secret Storm','1991-12-31',NULL),(13460,'AirCars','1997-06-30',NULL),(13462,'Hot Shots Golf','1998-04-30',NULL),(13478,'Nekketsu Koukou Dodgeball Bu Kyouteki! Toukyuu Senshi no Maki','1991-11-08',NULL),(13480,'Maniac Jackson and the Moonwalking Mindbenders','2003-01-01',NULL),(13522,'Qwak','1974-11-30',NULL),(13567,'Grand Theft Auto','1998-02-28',NULL),(13586,'Gravedigger','2002-12-24',NULL),(13617,'Night Driver','1976-10-31',NULL),(13647,'The Dolphin\'s Pearl','1985-12-31',NULL),(13691,'TAGAP: The Apocalyptic Game About Penguins','2007-07-31',NULL),(13717,'Magic School Bus Volcano Adventure','1998-05-25',NULL),(13729,'Hunt the Wumpus','1972-12-31',NULL),(13735,'Invitation','1987-05-31',NULL),(13779,'Krakout','1987-12-31',NULL),(13849,'Equinox','1993-11-12',NULL),(13852,'Escape from Monster Manor','1993-12-31',NULL),(13960,'Life Force','1987-09-25',NULL),(13996,'Madden NFL 99','1998-07-31',NULL),(14040,'Fly!','1999-12-31',NULL),(14046,'Doraemon 2: Nobita no Toys Land Daibouken','1993-12-17',NULL),(14051,'Major League Baseball Featuring Ken Griffey Jr','1998-05-25',NULL),(14054,'GuessWhat','2003-01-01',NULL),(14081,'Fragile Allegiance','1997-03-31',NULL),(14109,'Hidden Invasion','2002-07-29',NULL),(14159,'Grandia Xtreme','2002-09-30',NULL),(14169,'Bejeweled','2001-05-31',NULL),(14202,'Fire Pro Wrestling G','1999-06-24',NULL),(14231,'Dashin\' Desperadoes','1993-12-31',NULL),(14252,'P. P. Hammer and His Pneumatic Weapon','1991-12-31',NULL),(14297,'Flyin\' High Data Disk 1','1997-11-02',NULL),(14334,'CART Fury: Championship Racing','2001-05-25',NULL),(14373,'I-0: Jailbait on Interstate Zero','1997-01-31',NULL),(14399,'Front Page Sports: Trophy Rivers','1997-11-30',NULL),(14404,'Finger Flashing','1999-07-15',NULL),(14463,'Mahjongger','2002-05-07',NULL),(14476,'Thexder','1985-04-30',NULL),(14485,'Future Cop LAPD','1998-12-05',NULL),(14532,'DuckTales 2','1993-04-23',NULL),(14547,'Mega Man II','1991-12-20',NULL),(14553,'Backpacker 2','1997-01-01',NULL),(14570,'Kiki Kaikai: Dotou-hen','1987-08-28',NULL),(14583,'Fighter Ace 3.5','1997-12-31',NULL),(14586,'The Way of the Exploding Fist','1985-12-31',NULL),(14643,'Decathlete','1995-12-31',NULL),(14657,'Heisei Shin Onigashima','1997-12-01',NULL),(14678,'Life & Death','1987-12-31',NULL),(14702,'Het Labyrint van Toetanchamon','2002-01-01',NULL),(14703,'Defcon 5','1995-11-24',NULL),(14768,'Boxing Fever','2001-10-11',NULL),(14794,'Extreme Wintersports','1999-04-30',NULL),(14874,'Missing on Lost Island','2002-01-01',NULL),(14875,'D-Day: America Invades','1995-12-31',NULL),(14881,'Balls of Steel','1997-09-30',NULL),(14899,'Ghost in the Shell','1997-10-31',NULL),(14950,'Death Race','1976-12-31',NULL),(14965,'Table Tennis','1972-05-24',NULL),(14996,'Fighting Force','1997-10-31',NULL),(15004,'Mitsumete Knight','1998-03-19',NULL),(15008,'Confidential Mission','2001-06-14',NULL),(15017,'Boys Only Club','2001-12-31',NULL),(15042,'Kikstart 2','1987-12-31',NULL),(15051,'Medal of Honor: Allied Assault - Spearhead','2002-11-12',NULL),(15067,'Eric the Unready','1993-12-31',NULL),(15102,'Doukyuusei 2','1995-01-31',NULL),(15128,'Gore: Ultimate Soldier','2002-06-05',NULL),(15165,'Black Penguin','2001-11-23',NULL),(15208,'Hupchoo: The Gorps and the Sneezing Spell','1997-12-31',NULL),(15291,'Front Mission Alternative','1997-12-18',NULL),(15313,'Videocart-2: Desert Fox, Shooting Gallery','1976-08-01',NULL),(15415,'Harmful Park','1997-02-14',NULL),(15441,'Videocart-4: Spitfire','1977-01-01',NULL),(15457,'Rush\'n Attack','1985-07-31',NULL),(15461,'Ninja Rabbits','1991-12-31',NULL),(15473,'Metroid Prime','2002-11-18',NULL),(15482,'Empire Deluxe','1993-12-31',NULL),(15541,'Gutterball 3D','2002-07-11',NULL),(15543,'Amok','1997-01-17',NULL),(15544,'Super Mario Bros.','1985-09-13',NULL),(15623,'Go! Go! Beckham! Adventure On Soccer Island','2002-08-30',NULL),(15632,'CyberMage: Darklight Awakening','1995-12-31',NULL),(15636,'Forsaken','1998-04-30',NULL),(15659,'Minnnni-Golf','2002-01-01',NULL),(15660,'Hexen II','1997-08-31',NULL),(15662,'Flying Dragon','1997-12-18',NULL),(15699,'The Amazing Flying Brothers','2007-07-01',NULL),(15726,'Die Sage von Nietoom','1994-01-01',NULL),(15744,'Gravity Angels Part 1: Alien Discovery','1997-07-01',NULL),(15754,'Cyberbots: Fullmetal Madness','1995-04-20',NULL),(15775,'Cutthroat Island','1995-12-31',NULL),(15794,'Spy vs. Spy: The Island Caper','1985-12-31',NULL),(15798,'Beast Wars: Transformers','1997-12-05',NULL),(15860,'Head Rush','1998-04-20',NULL),(15879,'Mafia','2002-08-28',NULL),(15945,'FIFA 99','1998-06-10',NULL),(15974,'Shao-Lin\'s Road','1985-12-31',NULL),(15987,'Madden NFL 2003','2002-08-12',NULL),(15989,'Th3 Plan','2007-04-17',NULL),(15994,'Sherlock Holmes: Another Bow','1985-05-11',NULL),(16011,'Le Maître des Âmes','1987-12-31',NULL),(16020,'Dark Seed II','1995-11-30',NULL),(16028,'Surround','1977-10-31',NULL),(16036,'High Heat Major League Baseball 2003','2002-03-11',NULL),(16047,'The Fellowship of the Ring','1985-08-19',NULL),(16094,'Super Mario Galaxy','2007-11-01',5),(16111,'The Empire Fights Back','1985-12-31',NULL),(16140,'Metal Gear Solid','1998-09-03',NULL),(16143,'iF-16 Fighting Falcon','1997-12-31',NULL),(16161,'Knight Orc','1987-12-31',NULL),(16196,'DND','1975-12-31',NULL),(16291,'Joe Blade','1987-12-31',NULL),(16294,'Doraemon 4: Nobita to Tsuki no Oukoku','1995-12-15',NULL),(16358,'Obitus','1991-12-31',NULL),(16375,'Links 2003','2002-09-16',NULL),(16382,'Sky Kid','1985-12-31',NULL),(16444,'Eternal Champions','1993-08-14',NULL),(16448,'Michael Ninn\'s Latex: The Game','1998-12-31',NULL),(16551,'Teddy Boy','1985-12-31',NULL),(16592,'Disney\'s Chip \'N Dale Rescue Rangers 2','1993-12-10',NULL),(16609,'Hero X','2002-06-30',NULL),(16656,'Armored Core','1997-10-31',NULL),(16703,'Gundam 0079','1997-05-02',NULL),(16743,'Terrorist Takedown: War in Colombia','2007-01-26',NULL),(16877,'Spellbound','1985-12-31',NULL),(16889,'Donkey Kong Country 2: Diddy\'s Kong Quest','1995-11-21',NULL),(16901,'Hard Truck: 18 Wheels of Steel','2002-08-31',NULL),(16939,'International Karate +','1987-12-31',NULL),(16981,'Night Hawk: F-117A Stealth Fighter 2.0','1991-12-31',NULL),(17036,'Grand Theft Auto: Vice City','2002-10-27',NULL),(17061,'Lupin the 3rd: Treasure of the Sorcerer King','2002-11-28',NULL),(17071,'Descent','1995-02-28',NULL),(17083,'Nicky Boom','1992-01-01',NULL),(17088,'Ganja Farmer','1998-12-31',NULL),(17105,'Star Trek: Conquest','2007-11-20',NULL),(17132,'Machi','1998-01-22',NULL),(17134,'Mega Man: Dr. Wily\'s Revenge','1991-07-26',NULL),(17144,'Mônica no Castelo do Dragão','1991-01-01',NULL),(17164,'Arkanoid: Doh It Again','1997-01-15',NULL),(17230,'FX Chess Plus','2002-09-30',NULL),(17232,'Indoor Sports','1987-12-31',NULL),(17248,'Microsoft Train Simulator: Paint Shed','2002-11-26',NULL),(17347,'Insanity Fight','1987-12-31',NULL),(17368,'Morpheus','1998-12-31',NULL),(17370,'Championship Manager: Season 01/02','2001-10-12',NULL),(17392,'Lemonade Stand','1973-12-31',NULL),(17413,'Fisherman\'s Bait: A Bass Challenge','1998-12-31',NULL),(17416,'Game & Watch Gallery 3','1999-04-08',NULL),(17434,'Connections','1995-12-31',NULL),(17438,'MechAssault','2002-11-11',NULL),(17468,'Nahan: The Ultimate 3D Puzzle Game','1998-12-31',NULL),(17483,'Out of This World','1991-12-31',NULL),(17525,'Command Adventures: Starship','1995-01-01',NULL),(17595,'Front Mission 3','1999-09-02',NULL),(17598,'Panther','1975-12-31',NULL),(17631,'Groove on Fight: Gouketsuji Ichizoku 3','1997-04-30',NULL),(17727,'Tenshitachi no Gogo','1985-06-30',NULL),(17739,'AeroFighters Assault','1997-11-22',NULL),(17765,'Manhole-e','2002-09-02',NULL),(17818,'Blue Wing Blitz','2001-07-05',NULL),(17825,'Ninja Gaiden: Shadow','1991-12-13',NULL),(17826,'Outlaw','1976-03-31',NULL),(17831,'Metal Max','1991-05-24',NULL),(17832,'Get Out','1998-12-31',NULL),(17836,'Front Mission 2','1997-09-25',NULL),(17852,'The Oregon Trail','1971-12-31',NULL),(17886,'Might and Magic VI: The Mandate of Heaven','1998-04-30',NULL),(17895,'Starion','1985-12-31',NULL),(17921,'Gold Runner 2000','1997-12-31',NULL),(17948,'Mall Tycoon','2002-02-04',NULL),(17969,'SSX Blur','2007-02-27',NULL),(18048,'Supreme Commander: Forged Alliance','2007-11-06',NULL),(18085,'Betrayal in Antara','1997-07-31',NULL),(18087,'Front Page Sports: Baseball Pro \'98','1997-05-31',NULL),(18088,'Detana!! TwinBee Yahho! Deluxe Pack','1995-09-29',NULL),(18109,'Microsoft Golf 1998 Edition','1998-04-30',NULL),(18162,'Team Fortress 2','2007-10-10',NULL),(18180,'Bomberman Online','2001-10-30',NULL),(18195,'Crazy Taxi 2','2001-05-28',NULL),(18201,'Aleshar: The World of Ice','1997-01-01',NULL),(18216,'Crystal Beans: From Dungeon Explorer','1995-10-27',NULL),(18250,'Murder Makes Strange Deadfellows','1991-12-31',NULL),(18255,'The BIGS','2007-06-26',NULL),(18317,'3x3 Eyes: Tenrinougenmu','1997-12-31',NULL),(18328,'Operation Neptune','1991-12-31',NULL),(18355,'MLB SlugFest 20-03','2002-06-21',NULL),(18368,'Metaloids','1999-01-01',NULL),(18386,'Monsterseed','1998-05-11',NULL),(18390,'Goemon: New Age Shutsudou!','2002-02-28',NULL),(18423,'ClayFighter 2: Judgment Clay','1995-01-31',NULL),(18444,'Godzilla: Domination','2002-11-11',NULL),(18461,'Gangsters: Organized Crime','1998-11-30',NULL),(18523,'JJ - Tobidase Daisakusen Part 2','1987-12-07',NULL),(18561,'Dave Goes Nutz','1993-12-31',NULL),(18623,'Black & White','2001-03-25',NULL),(18634,'Der Planer','1994-01-01',NULL),(18640,'Conway\'s Game of Life','2001-01-13',NULL),(18644,'Adventure Interpreter','1997-01-01',NULL),(18707,'Final Fantasy Collection','1999-03-11',NULL),(18715,'Fighting Force 2','1999-11-30',NULL),(18723,'Cyber Speedway','1995-12-31',NULL),(18737,'Bomber','1977-04-30',NULL),(18743,'Dinopark Tycoon','1993-12-31',NULL),(18759,'Comanche 4','2001-11-12',NULL),(18804,'Mankind','1998-11-11',NULL),(18807,'NASCAR 99','1998-09-11',NULL),(18830,'Final Fight Revenge','1999-07-31',NULL),(18836,'Carnivores: Ice Age','2001-01-15',NULL),(18899,'Gatchaman: The Shooting','2002-06-27',NULL),(18904,'Fighting Steel: World War II Surface Combat 1939-1942','1999-05-31',NULL),(18914,'East Front II','1999-03-31',NULL),(18998,'EcoQuest 2: Lost Secret of the Rainforest','1993-12-31',NULL),(19038,'Magic Knight Rayearth','1998-12-11',NULL),(19043,'Fighters Megamix','1997-04-30',NULL),(19049,'Mental Kombat','1998-08-10',NULL),(19057,'Machop at Work','2002-09-01',NULL),(19069,'Heroes of Might and Magic II: The Price of Loyalty','1997-04-30',NULL),(19070,'Dracula Unleashed','1993-12-31',NULL),(19081,'Martian Memorandum','1991-12-31',NULL),(19116,'Cel Damage','2001-11-14',NULL),(19133,'Gun Metal','2002-11-30',NULL),(19150,'Tekkyuuman','2007-01-01',NULL),(19175,'Michael Schumacher Racing World Kart 2002','2002-09-18',NULL),(19194,'Deep Duck Trouble starring Donald Duck','1993-05-11',NULL),(19269,'3DO Games: Decathlon','1997-12-31',NULL),(19285,'Moonstone: A Hard Days Knight','1991-04-24',NULL),(19291,'Gunmetal','1998-08-04',NULL),(19301,'Colossal Cave Adventure','1976-04-30',NULL),(19316,'Headhunter','2002-05-09',NULL),(19353,'Blasterball 2: Revolution','2002-01-01',NULL),(19402,'Beyond Time','1997-12-31',NULL),(19420,'Neutopia II','1991-09-27',NULL),(19442,'MechWarrior 4: Clan \'Mech Pak','2002-07-26',NULL),(19466,'A2 Racer','1997-01-01',NULL),(19476,'Basic Math','1977-09-11',NULL),(19510,'Frequon Invaders','2002-01-01',NULL),(19524,'Final Liberation: Warhammer Epic 40,000','1997-11-30',NULL),(19549,'Freeciv','1997-06-23',NULL),(19611,'Match Day II','1987-12-31',NULL),(19632,'Grant - Lee - Sherman: Civil War 2: Generals','1997-10-31',NULL),(19641,'Medieval: Total War','2002-08-19',NULL),(19695,'Commandos 2: Men of Courage','2001-09-20',NULL),(19746,'Stack-Up','1985-07-26',NULL),(19775,'MemoTrimo','2003-01-01',NULL),(19784,'Hoyle Poker','1997-04-30',NULL),(19814,'Amulets and Armor','1997-12-31',NULL),(19818,'Videocart-3: Video Blackjack','1976-01-01',NULL),(19840,'Downtown Nekketsu Baseball Monogatari','1993-12-17',NULL),(19853,'Dragon\'s Revenge','1993-12-10',NULL),(19864,'Final Fantasy Tactics','1998-01-28',NULL),(19907,'Heretic II','1998-10-31',NULL),(19931,'Gunbird 2','1998-12-31',NULL),(19944,'Disney\'s Aladdin','1993-11-11',NULL),(19945,'Indy 500','1977-10-31',NULL),(19953,'ClockWerx','1995-12-08',NULL),(19971,'Cave Dig 3','2001-12-30',NULL),(19972,'20 em 1','1997-12-31',NULL),(20011,'Enemy Engaged: Apache/Havoc','1999-03-26',NULL),(20013,'Magnetik Tank','1987-01-01',NULL),(20021,'Duke Nukem II','1993-12-03',NULL),(20027,'Mister Mosquito','2002-03-14',NULL),(20092,'Agent Armstrong','1997-09-18',NULL),(20115,'Skool Daze','1985-12-31',NULL),(20170,'The Fourth Protocol','1985-12-31',NULL),(20183,'Codename: Outbreak','2001-11-25',NULL),(20240,'Myth II: Soulblighter','1998-11-30',NULL),(20245,'Master of Monsters: Disciples of Gaia','1998-08-31',NULL),(20320,'Synaesthete','2007-10-01',NULL),(20330,'Gex 3: Deep Cover Gecko','1999-03-16',NULL),(20342,'NBA Jam 99','1998-12-04',NULL),(20347,'J.J. & Jeff','1987-11-30',NULL),(20348,'CyberSpeed','1995-12-31',NULL),(20362,'Atlantis: The Lost Tales','1997-09-30',NULL),(20380,'M.A.C.H. - Maneuverable Armed Computer Humans','1987-12-31',NULL),(20383,'Knightmare II: The Maze of Galious','1987-12-31',NULL),(20397,'City Crisis','2001-07-17',NULL),(20409,'Guilty Bastards','1998-01-01',NULL),(20412,'Absolute Pinball','1997-12-31',NULL),(20413,'Nobunaga\'s Ambition: Lord of Darkness','1991-07-31',NULL),(20429,'Excelsior Phase One: Lysandia','1993-12-31',NULL),(20484,'Burnout','2001-11-01',NULL),(20614,'Star Wars Battlefront: Renegade Squadron','2007-10-09',NULL),(20615,'Summon Night: Twin Age','2007-08-30',NULL),(20713,'Computer Space','1971-08-31',NULL),(20789,'Ninja Combat','1991-07-24',NULL),(21108,'Star Ocean: First Departure','2007-12-27',NULL),(21209,'Commander Keen','2001-05-17',NULL),(21244,'Super Robot Wars W','2007-03-01',NULL),(21266,'Animaniacs Game Pack','1997-12-31',NULL),(21288,'Cosmic Race','1995-01-20',NULL),(21295,'Taito Memories II Gekan','2007-03-29',NULL),(21331,'Tenchu Z','2007-06-12',NULL),(21387,'Super Speed Machines','2007-03-29',NULL),(21390,'Gran Turismo Concept: 2002 Tokyo-Seoul','2002-05-16',NULL),(21444,'Tales of Innocence','2007-12-06',NULL),(21456,'Super Rub \'a\' Dub','2007-05-02',NULL),(21473,'Blade of Darkness','2001-02-19',NULL),(21539,'Tetris Splash','2007-10-03',NULL),(21625,'Super Soccer','1975-12-31',NULL),(21627,'Four Million B.C.','1971-05-31',NULL),(21654,'Metal Gear Solid 2: Substance','2002-11-05',NULL),(21711,'Gotcha','1973-10-01',NULL),(21744,'NBA ShootOut 98','1998-02-28',NULL),(21763,'Asuka 120% Limited Burning Fest.','1997-10-09',NULL),(21806,'Backyard Baseball','1997-10-10',NULL),(21812,'Microshaft Winblows 98','1998-01-05',NULL),(21814,'Steel Horizon','2007-03-20',NULL),(21941,'Dragon Ball Z: Super Butoden','1993-03-20',NULL),(21943,'Dragon Ball Z: Super Butoden 2','1993-12-17',NULL),(21955,'Taito Memories II Joukan','2007-01-25',NULL),(21990,'Tales of the World: Radiant Mythology','2007-07-17',NULL),(21997,'Dragon Ball Z: Shin Butoden','1995-11-17',NULL),(22059,'Mickey\'s Dangerous Chase','1991-05-15',NULL),(22081,'Car Battler Joe','2001-11-11',NULL),(22135,'Daytona USA','1993-08-31',NULL),(22143,'Strategic Conquest','1985-12-31',NULL),(22162,'Spyglass Board Games','2007-08-01',NULL),(22176,'Taiko no Tatsujin DS','2007-07-26',NULL),(22195,'Pong','1972-11-29',NULL),(22208,'Havets Vargar','1997-12-31',NULL),(22264,'Game Boy Wars Turbo','1997-06-24',NULL),(22290,'Cosmic Rift','2001-04-18',NULL),(22316,'Super Fruit Fall','2007-07-07',NULL),(22319,'Super Collapse! 3','2007-05-11',NULL),(22327,'beatmania IIDX 4th style','2001-03-29',NULL),(22328,'beatmania IIDX 5th style','2001-08-30',NULL),(22403,'Metal Black','1991-12-31',NULL),(22445,'Eighteen Wheeler: American Pro Trucker','2000-01-01',NULL),(22460,'Fox Sports Golf \'99','1997-09-30',NULL),(22461,'Actua Golf 3','1998-01-01',NULL),(22465,'Faselei!','1999-12-29',NULL),(22489,'64 Oozumo','1997-11-28',NULL),(22512,'64 Tamagotchi World!','1997-12-19',NULL),(22536,'Swashbucklers: Blue vs Grey','2007-11-08',NULL),(22538,'SWAT: Target Liberty','2007-10-16',NULL),(22554,'Suzumiya Haruhi no Yakusoku','2007-12-27',NULL),(22574,'Melty Blood','2002-12-31',NULL),(22594,'Hoyle Classic Board Games','1997-11-03',NULL),(22660,'Super Robot Wars OG: Original Generations','2007-06-28',NULL),(22700,'Forever Kingdom','2002-01-22',NULL),(22717,'Mobile Suit Gundam: Federation vs. Zeon','2002-09-09',NULL),(22740,'Circus','1977-12-31',NULL),(22752,'Fox Sports College Hoops \'99','1998-11-23',NULL),(22760,'Mike Piazza\'s Strike Zone','1998-06-16',NULL),(22777,'Sword of the New World: Granado Espada','2007-07-12',NULL),(22783,'Cosmic Smash','2001-09-13',NULL),(22816,'Extreme Rock Climbing','1999-11-01',NULL),(22833,'Getter Love!! Cho Renai Party Game','1998-12-04',NULL),(22855,'Godzilla Generations','1998-11-27',NULL),(22870,'Dungeons & Dragons: Tower of Doom','1993-12-31',NULL),(22871,'Beyond Atlantis II','2001-10-31',NULL),(22891,'Godzilla Trading Battle','1998-12-03',NULL),(22910,'Gex 3 Deep Pocket Gecko','1999-12-01',NULL),(22913,'Men in Black: The Series','1998-12-31',NULL),(22986,'Street Trace:NYC','2007-08-22',NULL),(23009,'GuitarFreaks','1998-12-31',NULL),(23048,'Gran Trak 10','1974-07-24',NULL),(23056,'Medabots AX: Rokusho/Metabee','2002-06-27',NULL),(23060,'Medabots: Rokusho/Metabee','2002-11-22',NULL),(23086,'Dai-4-Ji Super Robot Taisen','1995-03-17',NULL),(23131,'Spasim','1974-03-01',NULL),(23137,'Maze War','1974-12-31',NULL),(23222,'Super Robot Wars Original Generation Gaiden','2007-12-27',NULL),(23227,'Godzilla Online','1998-05-20',NULL),(23246,'Football','1978-01-01',NULL),(23247,'Charge n Blast','2001-02-07',NULL),(23341,'Eco Fighters','1993-12-01',NULL),(23342,'Tales of Pirates','2007-03-15',NULL),(23397,'The Kore Gang: Outvasion from Inner Earth','2011-10-04',NULL),(23446,'Baseball Mogul','1997-06-30',NULL),(23462,'Gradius Gaiden','1997-08-28',NULL),(23511,'Implosion','1987-12-31',NULL),(23554,'Elmo\'s numeric Journey','1999-11-27',NULL),(23660,'Gradius IV Fukkatsu','1998-03-03',NULL),(23662,'Tengen Toppa Gurren Lagann','2007-10-25',NULL),(23733,'Knightmare','1987-12-31',NULL),(23750,'Level 5','1987-12-31',NULL),(23811,'Telly Addicts','2007-11-02',NULL),(23870,'Nanoloop','1998-12-31',NULL),(23887,'Higurashi no Naku Koro ni: Onikakushi-hen','2002-08-10',NULL),(23888,'Higurashi no Naku Koro ni: Watanagashi-hen','2002-12-29',NULL),(24032,'Game Boy Camera','1998-02-21',NULL),(24082,'Blast Lacrosse','2001-05-24',NULL),(24086,'Tetris Zone','2007-08-26',NULL),(24165,'Fuck Quest','1998-12-31',NULL),(24180,'Mazan: Flash of the Blade','2002-11-30',NULL),(24256,'Super Swing Golf Season 2','2007-12-11',NULL),(24276,'Galaxy Game','1971-09-30',NULL),(24278,'Assault Suit Leynos 2','1997-02-21',NULL),(24306,'Gekisou TomaRunner','1999-07-22',NULL),(24351,'Harukanaru Toki no Naka de 2','2002-02-28',NULL),(24373,'Motorhead','1998-03-20',NULL),(24381,'Tank Beat','2007-06-01',NULL),(24517,'beatmania','1997-12-10',NULL),(24524,'beatmania 6thMIX -THE UK UNDERGROUND MUSIC-','2001-07-11',NULL),(24533,'beatmania THE SOUND OF TOKYO!','2001-03-29',NULL),(24657,'HacX','1997-12-31',NULL),(24704,'Frogger','1997-11-03',NULL),(24706,'Liberal Crime Squad','2002-12-01',NULL),(24947,'Galaxy Angel','2002-08-23',NULL),(25015,'Sudoku','2007-10-31',NULL),(25064,'Gate Keepers','1999-12-19',NULL),(25071,'Hanagumi Taisen Columns','1997-03-28',NULL),(25118,'Dynabusters','1993-12-31',NULL),(25170,'Suujin Taisen','2007-06-07',NULL),(25198,'Aaron vs. Ruth: Battle of the Big Bats','1997-06-30',NULL),(25311,'Ninja Gaiden','1991-02-09',NULL),(25377,'Fighter Maker','1999-05-31',NULL),(25393,'Mini Moni Shakkato Tambourine The Piyon','2002-09-19',NULL),(25408,'Cutey Honey FX','1995-11-10',NULL),(25417,'Tanoshii Youchien: Kotoba to Asobo!','2007-09-20',NULL),(25546,'SunAge: Battle for Elysium','2007-11-30',NULL),(25702,'Groove Adventure Rave','2002-01-31',NULL),(25703,'Groove Adventure Rave: Mikan no Hiseki','2002-12-31',NULL),(25704,'Groove Adventure Rave: Plue no Daibouken','2002-07-25',NULL),(25705,'Groove Adventure Rave: Hikari to Yami no Daikessen','2002-03-20',NULL),(25815,'Dirt Trax FX','1995-11-30',NULL),(25853,'Abra Ca Dabra','1975-11-30',NULL),(25858,'Aladdin\'s Castle','1975-09-29',NULL),(25911,'Tales of Fandom Vol. 2 Luke/Tear Version','2007-06-28',NULL),(26010,'Mad Mix Game: The Pepsi Challenge','1987-12-31',NULL),(26028,'Melon Chan\'s Growth Diary','1998-10-28',NULL),(26263,'Onslaught','1991-12-31',NULL),(26415,'Gravity Games Bike: Street Vert Dirt','2002-06-27',NULL),(26432,'Tetris Evolution','2007-03-19',NULL),(26439,'SpongeBob SquarePants Underpants Slam!','2007-12-26',NULL),(26544,'High Heat Baseball 1999','1998-03-31',NULL),(26664,'Videocart-7: Math Quiz II','1977-12-31',NULL),(26665,'Videocart-8: Magic numerics','1977-12-31',NULL),(26666,'Videocart-9: Drag Strip','1977-12-31',NULL),(26667,'Videocart-10: Maze, Cat and Mouse','1977-12-31',NULL),(26668,'Videocart-11: Backgammon, Acey-Duecy','1977-12-31',NULL),(26669,'Videocart-12: Baseball','1977-12-31',NULL),(26670,'Videocart-13: Torpedo Alley, Robot War','1977-12-31',NULL),(26671,'Videocart-14: Sonar Search','1977-12-31',NULL),(26711,'Metropolismania','2002-10-03',NULL),(26893,'Super Robot Wars Scramble Commander the 2nd','2007-11-01',NULL),(26934,'The Legend of Zelda: Skyward Sword','2011-11-18',4),(26935,'Front Office Football','1998-10-28',NULL),(26946,'Front Office Football 2','1999-08-30',NULL),(26947,'Front Office Football: The Fourth Edition','2002-10-23',NULL),(26955,'Acrophobia','1997-11-17',NULL),(26967,'Lemonade Tycoon','2002-05-31',NULL),(27010,'Mean Machine','1991-12-31',NULL),(27190,'Checkmate','1977-01-31',NULL),(27283,'Lilie no Atelier: Salburg no Renkinjutsushi 3','2002-04-04',NULL),(27374,'Taskmaster','1985-12-31',NULL),(27384,'Madballs','1987-12-31',NULL),(27403,'300','1975-08-31',NULL),(27407,'Anime Freak FX Vol. 4','1997-01-28',NULL),(27408,'Anime Freak FX Vol. 5','1997-08-29',NULL),(27423,'2001','1971-02-01',NULL),(27425,'4 Square','1971-06-01',NULL),(27434,'Aquarius','1970-10-01',NULL),(27436,'Astro','1971-10-01',NULL),(27438,'Atlantis','1975-01-31',NULL),(27441,'Bank Shot','1976-03-31',NULL),(27493,'The Bee Game','2007-10-15',NULL),(27496,'Strawberry Shortcake: The Four Seasons Cake','2007-12-06',NULL),(27523,'MASK','1987-12-31',NULL),(27569,'Automobili Lamborghini','1997-11-30',NULL),(27606,'Fox Sports Soccer \'99','1998-06-30',NULL),(27614,'Fox Sports NBA Basketball 2000','1999-10-29',NULL),(27616,'MASK II','1987-12-31',NULL),(27619,'Gallop Racer 3: One and Only Road to Victory','1999-12-31',NULL),(27630,'Championship Motocross 2001 featuring Ricky Carmichael','2001-01-30',NULL),(27685,'Block Wars','2001-12-31',NULL),(27688,'Illusion','1987-12-31',NULL),(27781,'Final Furlong','1997-05-31',NULL),(27794,'EVR Race','1975-12-31',NULL),(27886,'In Eighty Days Around The World','1987-12-31',NULL),(27900,'The Cheetah Girls: Pop Star Sensations','2007-10-09',NULL),(27915,'Stargate Online Trading Card Game','2007-04-27',NULL),(27942,'Fighting Layer','1998-12-31',NULL),(27962,'Indy 500','1987-12-31',NULL),(27986,'Evel Knievel','1999-10-31',NULL),(28112,'Mini Golf Master 2','2002-01-31',NULL),(28115,'Karate King','1987-12-31',NULL),(28154,'Airfight','1974-12-31',NULL),(28173,'Dungeon Explorer II','1993-03-26',NULL),(28175,'Harry the Handsome Executive','1997-09-20',NULL),(28178,'The Witcher 2: Assassins of Kings','2011-05-17',NULL),(28232,'Lego Island: Xtreme Stunts','2002-11-30',NULL),(28343,'Metal Slader Glory','1991-08-30',NULL),(28346,'Mini Yonku Let\'s & Go!!: Power WGP 2','1998-10-01',NULL),(28349,'Leviathan','1987-12-31',NULL),(28445,'Mandroid','1987-12-31',NULL),(28449,'Letter Drop 2','2003-01-01',NULL),(28507,'Canada Dry','1976-12-31',NULL),(28527,'Ali-Baba','1976-12-31',NULL),(28542,'Big League','1975-12-31',NULL),(28543,'Big Valley','1970-03-05',NULL),(28548,'Blue Chip','1976-12-31',NULL),(28559,'Butterfly','1977-11-30',NULL),(28565,'Champ','1974-02-28',NULL),(28569,'Circus','1973-11-30',NULL),(28616,'Fandango','1976-05-31',NULL),(28625,'Flip A Card','1970-03-01',NULL),(28688,'Jungle King','1973-05-31',NULL),(28691,'King Kool','1972-07-31',NULL),(28709,'Magnotron','1974-08-31',NULL),(28743,'Olympics','1975-01-08',NULL),(28747,'Outer Space','1972-02-29',NULL),(28773,'Road Race','1976-02-29',NULL),(28798,'Soccer','1973-12-31',NULL),(28800,'Space Mission','1976-12-31',NULL),(28801,'Space Odyssey','1976-05-01',NULL),(28810,'Stampede','1976-12-31',NULL),(28825,'Surf Champ','1976-08-31',NULL),(28848,'Magic Wizard','1971-12-01',NULL),(28967,'SpongeBob SquarePants: Atlantis Squarepantis','2007-11-12',NULL),(29057,'Frame Gride','1999-07-15',NULL),(29066,'Dune: The Battle for Arrakis','1993-12-31',NULL),(29084,'Mickey Mouse Magic Wands!','1998-05-10',NULL),(29093,'Clockwork Knight 2','1995-12-31',NULL),(29098,'Blackout','1997-12-31',NULL),(29119,'Giften','1998-12-31',NULL),(29193,'ESPN Baseball Tonight','1993-12-31',NULL),(29196,'Thor: God of Thunder','2011-04-29',NULL),(29239,'Battlestations','1997-03-31',NULL),(29302,'Mike Ditka Power Football','1991-01-01',NULL),(29370,'FIFA 2000','1999-11-15',NULL),(29496,'Formula 1 \'97','1997-09-30',NULL),(29619,'Baseball Champ','1973-01-01',NULL),(29629,'Big Flipper','1970-01-10',NULL),(29644,'Blue Max','1975-07-10',NULL),(29666,'Casino','1972-06-08',NULL),(29671,'Cinema','1976-03-01',NULL),(29673,'Cowboy','1970-01-19',NULL),(29681,'Deluxe World Series','1974-01-01',NULL),(29683,'Dolphin','1974-03-25',NULL),(29722,'Gin','1974-11-15',NULL),(29732,'Gold Mine','1975-12-31',NULL),(29733,'Gold Record','1975-04-09',NULL),(29737,'Hee Haw','1973-04-01',NULL),(29740,'Hi-Flyer','1974-08-12',NULL),(29741,'Hi-Score Pool','1971-08-01',NULL),(29789,'Home Run','1972-02-01',NULL),(29793,'Juke Box','1976-09-30',NULL),(29797,'Empire','1973-05-01',NULL),(29798,'Moria','1975-12-31',NULL),(29799,'pedit5','1975-12-31',NULL),(29813,'Las Vegas','1972-12-01',NULL),(29904,'The Last Story','2011-01-27',NULL),(29911,'Fighting Network Rings','1997-08-07',NULL),(29924,'GoDai: Elemental Force','2002-01-21',NULL),(29965,'Mario Roulette','1991-12-13',NULL),(29970,'Mario no Photopi','1998-12-02',NULL),(30095,'Mario Lemieux Hockey','1991-12-31',NULL),(30144,'The Dishwasher: Vampire Smile','2011-04-06',NULL),(30286,'Street Warrior','2007-01-12',NULL),(30308,'Dragon Ball Z: Goku Gekit?den','1995-08-25',NULL),(30319,'Dragon Ball Z','1993-04-08',NULL),(30322,'Dragon Ball Z V.R.V.S','1993-08-31',NULL),(30325,'Superman: The Game','1985-04-18',NULL),(30402,'Fighting Illusion K-1 Grand Prix Sho','1997-01-31',NULL),(30421,'Battle Circuit','1997-03-19',NULL),(30425,'The Lord of the Rings: War in the North','2011-11-01',NULL),(30464,'Heiwa Parlor! Mini 8: Pachinko Jikki Simulation Game','1998-01-30',NULL),(30498,'Muppets on the Go','1998-04-28',NULL),(30504,'Crayola: Create a World','1995-12-31',NULL),(30505,'Disney\'s The Lion King: Adventures at Pride Rock','1995-12-31',NULL),(30643,'Astro Battle','1977-12-31',NULL),(30654,'Football','1977-12-31',NULL),(30665,'Tornado Baseball/Tennis/Hockey/Handball','1977-12-31',NULL),(30672,'Frontline Attack: War Over Europe','2002-11-12',NULL),(30684,'Mysteriet på Greveholm 2: Resan till Planutus','1998-12-31',NULL),(30687,'Faust: The Seven Games of the Soul','1999-12-31',NULL),(30738,'Another Fine Mess','1997-08-31',NULL),(30849,'Tarr Chronicles','2007-09-24',NULL),(30860,'Coron Land','1995-08-25',NULL),(30881,'Dragon History','1995-12-31',NULL),(30887,'Nolan Ryan\'s Baseball','1991-07-02',NULL),(30913,'The Next Big Thing','2011-04-21',NULL),(31062,'Godzilla','1998-12-31',NULL),(31063,'Golden Cue','1998-12-31',NULL),(31088,'Armed Police Batrider','1997-12-31',NULL),(31114,'Operation Desert Storm','1991-10-31',NULL),(31179,'Lego Creator: Harry Potter','2002-02-01',NULL),(31241,'Mobile Suit Gundam: Lost War Chronicles','2002-08-01',NULL),(31277,'Monster Hunt','1991-03-31',NULL),(31291,'Congo: The Movie - The Lost City of Zinj','1996-01-01',NULL),(31426,'Men in Black II: Crossfire','2002-06-24',NULL),(31522,'Stomp','1985-12-31',NULL),(31525,'The First Templar','2011-05-10',NULL),(31527,'Medarot G Kabuto/Kuwagata','2002-06-25',NULL),(31531,'Total War: Shogun 2','2011-05-26',NULL),(31578,'The Mummy Online','2011-12-31',NULL),(31771,'Tom Clancy\'s Ghost Recon: Shadow Wars','2011-03-22',NULL),(31887,'Gungriffon II','1998-04-30',NULL),(31923,'Scooter Shooter','1985-12-31',NULL),(31925,'College Football USA 96','1995-06-01',NULL),(31949,'Clock Tower: The First Fear','1995-09-14',NULL),(31976,'Eliminator','1999-02-28',NULL),(32029,'Super Tennis','1985-12-22',NULL),(32031,'THE iDOLM@STER 2','2011-02-24',NULL),(32152,'Family Dog','1993-06-30',NULL),(32248,'The Sims Medieval','2011-03-22',NULL),(32293,'Dziedzictwo Gigantow','1993-12-31',NULL),(32329,'Hey Arnold! The Movie','2002-05-29',NULL),(32422,'The Clockwork Man: The Hidden World','2011-09-23',NULL),(32453,'Tower Bloxx: New York','2011-01-05',NULL),(32478,'Sky Destroyer','1985-11-14',NULL),(32574,'Gun Fight','1975-09-30',NULL),(32585,'Hugo: The Evil Mirror','1998-12-31',NULL),(32594,'Top Spin 4','2011-03-15',NULL),(32637,'Ninja Pac Man','1991-02-11',NULL),(32643,'Dungeon Magic','1993-12-31',NULL),(32676,'Wheels','1975-12-31',NULL),(32677,'Wheels II','1975-12-31',NULL),(32691,'Mars Rising','1998-01-12',NULL),(32696,'The Ico & Shadow of the Colossus Collection','2011-09-27',NULL),(32746,'Syobon Action','2007-06-15',NULL),(32773,'Shanghai Kid','1985-06-30',NULL),(32780,'Dead of the Brain 2','1993-11-26',NULL),(32810,'Edo no Kiba','1993-03-12',NULL),(32831,'The History Channel: Great Battles - Medieval','2011-05-06',NULL),(32908,'Game Dev Story','1997-12-31',NULL),(32948,'Formula One Arcade','2002-07-19',NULL),(33065,'Theatre of War 3: Korea','2011-03-24',NULL),(33070,'Karaoke Studio','1987-07-30',NULL),(33074,'The Cursed Crusade','2011-10-25',NULL),(33087,'Sex Games','1985-12-31',NULL),(33105,'F-117 Night Storm','1993-12-31',NULL),(33118,'GRID 2','2013-05-27',NULL),(33128,'The Fancy Pants Adventures','2011-04-19',NULL),(33169,'Mistænkt 2: Ulvespor','2002-12-31',NULL),(33200,'Mickey\'s Runaway Zoo','1991-12-31',NULL),(33221,'Death or Glory: Das Erbe von Morgan','1995-12-31',NULL),(33226,'The Lord of the Rings Online: Rise of Isengard','2011-09-27',NULL),(33372,'The Sims 3: Outdoor Living Stuff','2011-02-01',NULL),(33394,'The Elder Scrolls V: Skyrim','2011-11-11',4),(33456,'Simon Says','1972-05-24',NULL),(33457,'Analogic','1972-05-24',NULL),(33461,'Lupin Sansei: Pyramid no Kenja','1998-08-06',NULL),(33468,'Lupin Sansei','1998-11-26',NULL),(33469,'Bomberman 64','2001-12-20',NULL),(33471,'Golgo 13: Carlyle no Yabou','1998-11-26',NULL),(33472,'Golgo 13: Kenenai Guntai','1998-11-26',NULL),(33491,'Haunted House','1972-05-24',NULL),(33521,'Lupin III: Pandora no Isan','1987-11-06',NULL),(33579,'Lunatic Dawn III','1998-12-17',NULL),(33691,'Tiger Woods PGA Tour 12: The Masters','2011-03-29',NULL),(33731,'The Tomb Raider Trilogy','2011-03-22',NULL),(33748,'Dolucky no Kusayakiu','1993-12-17',NULL),(33856,'Elfaria','1993-01-03',NULL),(33892,'The Seller','2011-01-17',NULL),(33901,'Doraemon vs. the Dream Thief and the Seven Gozansu','1993-03-26',NULL),(33908,'Boku, Doraemon','2001-01-25',NULL),(33911,'Doraemon Yuujou Densetsu','1995-04-07',NULL),(33934,'Doraemon: Nora no Suke no Yabou','1993-04-29',NULL),(33985,'Chibi Maruko-Chan: Go Chounai Minna de Game Dayo!','2001-08-10',NULL),(34073,'The Gunstringer','2011-09-19',NULL),(34158,'Mizzurna Falls','1998-12-23',NULL),(34183,'Laser War','1987-03-31',NULL),(34219,'The Haunted: Hells Reach','2011-10-25',NULL),(34256,'The Tiny Bang Story','2011-04-22',NULL),(34284,'27 Tele-games','1977-12-31',NULL),(34288,'Top Shot Arcade','2011-03-15',NULL),(34289,'Tic','2011-06-21',NULL),(34365,'MechCommander: Desperate Measures','1998-07-31',NULL),(34383,'Tiny Wings','2011-02-18',NULL),(34393,'Eliminate Down','1993-06-25',NULL),(34419,'Toy Soldiers: Cold War','2011-08-17',NULL),(34456,'Deae Tonosama Appare Ichiban','1995-03-31',NULL),(34475,'Hajime no Ippo: The Fighting!','2002-12-12',NULL),(34479,'Furbyland','1999-12-31',NULL),(34497,'Toriko: Gourmet Survival','2011-08-04',NULL),(34498,'Doman: Grzechy Ardana','1995-12-31',NULL),(34536,'MLB 2003','2002-06-17',NULL),(34579,'Baseball','1977-12-31',NULL),(34580,'Biorhythm','1977-12-31',NULL),(34581,'Blackjack','1977-12-31',NULL),(34582,'Fun with numerics','1977-12-31',NULL),(34583,'Gunfighter/Moonship Battle','1977-12-31',NULL),(34584,'Space War','1977-12-31',NULL),(34585,'Speedway/Tag','1977-12-31',NULL),(34586,'Tennis/Squash','1977-12-31',NULL),(34587,'TV School House I','1977-12-31',NULL),(34588,'TV School House II: Math Fun','1977-12-31',NULL),(34593,'Bowling','1977-01-31',NULL),(34595,'Doodle','1977-01-01',NULL),(34658,'Go! Go! Hitchhike','1998-07-10',NULL),(34663,'Mahjong Kazoku','1987-08-04',NULL),(34666,'Jongbou','1987-07-18',NULL),(34667,'Her Knights: All for the Princess','2002-04-19',NULL),(34709,'The Sims 3: Generations','2011-05-31',NULL),(34741,'Touhou Sky Arena','2011-03-31',NULL),(34755,'Big Bass World Championship','1997-08-07',NULL),(34759,'Fisherman\'s Bait 2: Big Ol\' Bass','1999-09-30',NULL),(34766,'The Green Hornet: Wheels of Justice','2011-01-14',NULL),(34792,'Bowling','2001-05-14',NULL),(34799,'Arc Arena: Monster Tournament','1997-07-31',NULL),(34829,'Boards and Blades 2','2001-12-31',NULL),(34831,'Cabela\'s 4x4 Off-Road Adventure 2','2001-11-30',NULL),(34860,'Cube','1973-04-10',NULL),(34865,'Cricket 2002','2001-12-14',NULL),(34868,'J.B. Harold Series #2: Manhattan Requiem - Angels Flying in the Dark','1987-12-31',NULL),(34874,'GT 64: Championship Edition','1998-09-09',NULL),(34887,'Touhou 13 Ten Desires','2011-08-13',NULL),(34892,'Forced Alliance: The Glarious Mandate','1997-12-31',NULL),(34917,'Getter Robo Daikessen!','1999-09-09',NULL),(35052,'Boot Hill','1977-03-31',NULL),(35072,'LEGO Soccer Mania','2002-06-07',NULL),(35168,'Monster Bash','1998-07-31',NULL),(35169,'Dirty Harry','1995-03-31',NULL),(35190,'Medarot Parts Collection','1998-03-20',NULL),(35191,'Medarot Parts Collection 2','1998-05-29',NULL),(35252,'Tag-Team Pinball','1985-09-30',NULL),(35266,'Rock','1985-10-31',NULL),(35350,'The Smurfs Dance Party','2011-07-19',NULL),(35371,'Airborne Avenger','1977-09-30',NULL),(35373,'Sorcerer','1985-03-31',NULL),(35489,'The War of the Worlds','2011-10-26',NULL),(35490,'Generation Girl Gotta Groove','1999-09-30',NULL),(35521,'The Sims 3: Pets','2011-10-18',NULL),(35536,'Dark Legend','1995-12-31',NULL),(35545,'Fuse','2013-05-28',NULL),(35546,'The Sims Social','2011-08-09',NULL),(35622,'Six-Gun Shootout: Gunfights of the Wild West','1985-12-31',NULL),(35683,'Tour de France 2011','2011-07-01',NULL),(35758,'Future Racer','1997-05-23',NULL),(35773,'Tiny Tower','2011-06-23',NULL),(35786,'Tower Defense: Lost Earth','2011-06-14',NULL),(35799,'Dennis the Menace','1993-12-31',NULL),(35802,'The Lost Town - The Dust','2011-06-30',NULL),(35805,'The Penguins of Madagascar: Dr. Blowhole Returns Again!','2011-09-13',NULL),(35806,'Lethal Skies Elite Pilot: Team SW','2002-05-31',NULL),(35817,'The Chosen','2011-07-05',NULL),(35848,'Duotron','1974-09-01',NULL),(35872,'The Sims Medieval: Pirates and Nobles','2011-08-30',NULL),(36003,'Amigo','1974-05-31',NULL),(36024,'The Sims 3: Town Life Stuff','2011-07-26',NULL),(36029,'Double Clutch','1993-12-31',NULL),(36095,'Dragon Force: The Day 3','1993-12-31',NULL),(36122,'The Rockin\' Dead','2011-05-31',NULL),(36216,'Kinnikuman: Kinnikusei Oui Soudatsusen','1987-05-01',NULL),(36242,'To the Moon','2011-11-01',NULL),(36264,'Micro Machines','2002-12-31',NULL),(36280,'Go Home Dinosaurs!','2013-03-14',NULL),(36288,'Tiny Invaders','2011-09-01',NULL),(36328,'Grand Battle! 2','2002-03-20',NULL),(36332,'Lost Memory of Angel Frane 2','2002-06-30',NULL),(36351,'Hobo Soccer','2002-12-31',NULL),(36424,'Touch My Katamari','2011-12-17',NULL),(36429,'Blue\'s Clues: Blue\'s Alphabet Book','2001-01-30',NULL),(36442,'Bob the Builder: Fix it Fun!','2001-09-30',NULL),(36482,'Benjamin Blumchen: Ein verruckter Tag Im Zoo','2001-11-06',NULL),(36486,'Bibi Blocksberg: Im Bann der Hexenkugel','2001-12-31',NULL),(36495,'Fonz','1976-12-31',NULL),(36496,'Heavyweight Champ','1976-09-30',NULL),(36499,'Speed Race','1974-06-30',NULL),(36501,'Labyrinth: Maou no Meikyuu','1987-01-07',NULL),(36504,'Video Action','1975-12-31',NULL),(36540,'Basketball','1974-01-31',NULL),(36553,'Brave Saga Shinshou Astaria','2001-01-26',NULL),(36563,'Interceptor','1975-12-31',NULL),(36566,'Moto Roader II','1991-03-29',NULL),(36567,'Chee-Chai Alien','2001-02-23',NULL),(36576,'The Clockwork Man','2011-08-11',NULL),(36577,'Chou Gals! Kotobuki Ran','2001-07-26',NULL),(36587,'Speed Race Twin','1976-12-31',NULL),(36652,'Fight \'N\' Jokes','1997-12-31',NULL),(36669,'Thor: Son of Asgard','2011-05-10',NULL),(36678,'The Dark Meadow','2011-10-06',NULL),(36736,'Tiny Heroes','2011-09-15',NULL),(36750,'To Heart 2 DX Plus','2011-09-22',NULL),(36765,'Grand Theft Auto V','2013-09-17',5),(36778,'The Price Is Right: Decades','2011-10-18',NULL),(36841,'The Battle of YuYu Hakusho: Shitou! Ankoku Bujutsukai! 120%','2007-01-11',NULL),(36866,'The Dating Game','2011-03-16',NULL),(36918,'Grand Slam Turkey Hunt','1998-01-01',NULL),(36961,'Gunpoint','2013-06-03',NULL),(37025,'Hiza no Ue no Partner: Kitty on Your Lap','1998-03-12',NULL),(37074,'The Legend Of Zelda: Four Swords Anniversary Edition','2011-09-28',NULL),(37083,'Achaea, Dreams of Divine Lands','1997-09-30',NULL),(37219,'The Idolmaster: Gravure for You! Vol. 1','2011-10-02',NULL),(37277,'Maru\'s Mission','1991-03-31',NULL),(37297,'Shootout','1985-10-31',NULL),(37482,'Girl Fight','2013-09-10',NULL),(37518,'The Idolmaster: Gravure for You! Vol. 2','2011-11-23',NULL),(37519,'The Idolmaster: Gravure for You! Vol. 3','2011-12-29',NULL),(37551,'Mobile Suit Gundam: Char\'s Counterattack','1998-12-17',NULL),(37641,'F-1 Sensation','1993-01-29',NULL),(37643,'Daitoride','1995-12-31',NULL),(37661,'Game Boy Wars 2','1998-11-20',NULL),(37673,'Guacamelee!','2013-04-09',NULL),(37677,'THOR Son of Asgard','2011-05-10',NULL),(37739,'Baseball','1972-10-01',NULL),(37783,'Toy Shot','2011-12-20',NULL),(37896,'Tiki Towers 2: Monkey Republic','2011-01-19',NULL),(38012,'F1 ROC II: Race of Champions','1993-03-05',NULL),(38043,'God of War: Ascension','2013-03-12',NULL),(38063,'The Ultimate Battle of the Sexes: Quiz & Play!','2011-12-27',NULL),(38074,'The Moogies','2011-12-12',NULL),(38093,'Stolen in 60 Seconds','2007-06-10',NULL),(38103,'Liar: Legend of the Sword','1987-12-31',NULL),(38243,'TNA Wrestling iMPACT!','2011-05-19',NULL),(38279,'Tom Clancy?s Rainbow Six: Shadow Vanguard','2011-12-11',NULL),(38314,'Hakaioh: King of Crusher','1998-11-12',NULL),(38327,'Gone Home','2013-08-15',5),(38398,'Descent Mission Builder','1995-12-31',NULL),(38481,'Gears of War: Judgment','2013-03-19',NULL),(38557,'Game & Wario','2013-06-23',NULL),(38599,'JESUS','1987-04-30',NULL),(38615,'Ginga Force','2013-02-14',NULL),(38654,'The Great Gonzo in WordRider','1985-05-16',NULL),(38659,'Echo Night 2','1999-08-05',NULL),(38719,'Big Indian','1974-02-28',NULL),(38957,'The Land','1985-06-30',NULL),(38960,'F1 World Grand Prix','1999-12-17',NULL),(38975,'AHx-1','1997-12-31',NULL),(38982,'F1 Pole Position 2','1993-12-24',NULL),(39060,'Mario Bros. II','1987-12-31',NULL),(39087,'Mystical Fighter','1991-10-25',NULL),(39193,'Gran Turismo 6','2013-12-05',NULL),(39246,'Loretta no Shouzou','1987-02-18',NULL),(39282,'Foul Play','2013-09-18',NULL),(39316,'Bazooka','1977-12-31',NULL),(39384,'Jikai Shounen Mettomag','1987-07-03',NULL),(39458,'Anearth Fantasy Stories: First Volume','1997-03-28',NULL),(39522,'Imitation City','1987-12-31',NULL),(39539,'Missing Parts: The Tantei Stories','2002-01-17',NULL),(39540,'Missing Parts 2: The Tantei Stories','2002-10-24',NULL),(39603,'Ide Yosuke Meijin no Jissen Mahjong','1987-09-24',NULL),(39605,'Kyonshies 2','1987-09-25',NULL),(39606,'Kalin no Tsurugi','1987-10-02',NULL),(39610,'Indora no Hikari','1987-10-20',NULL),(39618,'The Last Rocket','2011-08-11',NULL),(39672,'Kick Challenger: Air Foot','1987-11-20',NULL),(39719,'GetAmped','2002-12-31',NULL),(39726,'Gakuen Heaven: Boy\'s Love Scramble','2002-08-02',NULL),(39778,'Jikuu Yuten: Debias','1987-11-27',NULL),(39796,'Mahjong Sengoku Jidai','1987-10-18',NULL),(39798,'Guncraft','2013-08-09',NULL),(39810,'God Eater 2','2013-11-14',NULL),(39848,'Space Race','1973-07-15',NULL),(39853,'Gundam Breaker','2013-06-27',NULL),(39923,'Meitantei Conan: Saikou no Aibou','2002-04-25',NULL),(39956,'Hardcore Pinball','2002-12-16',NULL),(39957,'Super Marisa World','2007-12-31',NULL),(39995,'Hugo 2','1997-12-31',NULL),(40103,'General Conflict','2013-12-31',NULL),(40128,'Germinator','2013-02-13',NULL),(40214,'Momotaro Dentetsu Jr.','1998-07-31',NULL),(40224,'Momotarou Densetsu','1998-12-23',NULL),(40252,'Generation of Chaos: Pandora?s Reflection','2013-02-19',NULL),(40322,'Crossed Swords II','1995-05-02',NULL),(40340,'Dazzleoids: CD-ROM Superheroes on a Binge Against Boredom','1995-12-31',NULL),(40422,'Monster Truck Rally','1991-09-01',NULL),(40495,'Animal Breeder','1997-09-11',NULL),(40539,'Donald Duck no Mahou no Boushi','1995-08-11',NULL),(40586,'Great Battle!! Tezuka All Stars','2013-12-31',NULL),(40614,'Ninja Clowns','1991-08-27',NULL),(40627,'Toro\'s Friend Network','2011-12-17',NULL),(40660,'Big Air Wakeboarding','2001-05-01',NULL),(40683,'To Heart 2: Dungeon Travelers','2011-06-30',NULL),(40722,'The Flower Shop: WInter in Fairbrook','2011-12-08',NULL),(40748,'MaXXed Out Racing','2002-09-26',NULL),(40823,'The Wavy Tube Man Chronicles','2011-09-13',NULL),(40834,'King Kong 2: Yomigaeru Densetsu','1987-12-31',NULL),(40835,'Goodbye Deponia','2013-10-18',NULL),(40893,'Galaxy Fraulein Yuna 3: Lightning Angel','1997-12-04',NULL),(40922,'God Mode','2013-04-19',NULL),(40944,'Full Bore','2013-09-04',NULL),(40947,'Pong Doubles','1973-01-01',NULL),(40949,'Quadrapong','1974-03-31',NULL),(40950,'Super Pong','1974-01-30',NULL),(40951,'PinPong','1974-12-31',NULL),(40972,'Gegege no Kitarou: Noroi no Nikuto Katachi Tachi','1997-01-24',NULL),(41012,'Makeruna! Makendou Z','1998-03-20',NULL),(41013,'Darxide','1995-12-31',NULL),(41083,'Geisha Novia','2013-01-07',NULL),(41126,'Gun Commando','2013-01-23',NULL),(41146,'Game Dev Tycoon','2013-08-29',NULL),(41172,'Famista 3','1993-10-29',NULL),(41180,'Monster Race','1998-03-06',NULL),(41181,'Igo: Kyuu Roban Taikyoku','1987-04-14',NULL),(41204,'Star Luster','1985-12-06',NULL),(41205,'Gaia Crusaders','1999-07-31',NULL),(41345,'Herman and the Falling Rocks','1997-12-31',NULL),(41365,'The Atarians','1977-02-28',NULL),(41368,'Gunstringer: Dead Man Running','2013-01-03',NULL),(41470,'Folk Tale','2013-05-31',NULL),(41488,'Garfield\'s Escape','2013-01-11',NULL),(41531,'Balloon Gun','1974-08-31',NULL),(41588,'Drop-A-Card','1971-11-30',NULL),(41602,'The Love Letter','2011-12-31',NULL),(41663,'Gravitrex Plus','2013-02-26',NULL),(41747,'Construction Bob Escapes from Hell','1995-12-31',NULL),(41753,'Cross Country USA','1995-01-31',NULL),(41761,'Gihren no Yabou','1998-04-09',NULL),(41938,'Forced','2013-10-23',NULL),(42017,'Galactic Reign','2013-03-12',NULL),(42022,'Mujintou Monogatari 4','1998-09-24',NULL),(42201,'The Oregon Trail: American Settler','2011-11-17',NULL),(42238,'Blockade','1976-10-31',NULL),(42253,'Marchen Veil','1987-03-03',NULL),(42255,'Ikinari Musician','1987-03-05',NULL),(42259,'Black Bass with Blue Marlin','2001-05-10',NULL),(42270,'Lost Word of Jenny','1987-03-25',NULL),(42313,'Kinetic Connection Vol. II','1987-05-01',NULL),(42333,'Favorite Dear','1999-02-25',NULL),(42337,'Dangel','1995-09-09',NULL),(42483,'Toy Cars','2011-04-17',NULL),(42545,'Gardenscapes 2','2013-04-11',NULL),(42561,'Space Pilot II','1985-12-31',NULL),(42576,'Freedom Fall','2013-07-19',NULL),(42595,'Gun Monkeys','2013-06-28',NULL),(42607,'Chou Kyuukai Miracle Nine','1995-07-21',NULL),(42623,'Gunpowder','2013-01-31',NULL),(42693,'Forza Motorsport 5','2013-11-22',NULL),(42743,'Franchise Hockey Manager 2013','2013-09-30',NULL),(42750,'GeoGuessr','2013-05-09',NULL),(42758,'The Fruit of Grisaia','2011-02-25',NULL),(42834,'American Girls Premiere','1997-06-30',NULL),(42973,'Fushigi no Dungeon: Furai no Shiren Gaiden: Jokenji Asuka Kenzan!','2002-02-07',NULL),(42999,'Azito','1997-02-28',NULL),(43026,'Gunslugs','2013-01-16',NULL),(43042,'Garfield\'s Wild Ride','2013-06-27',NULL),(43095,'Great Permutator','2013-03-21',NULL),(43139,'Edgar Torronteras\' eXtreme Biker','1999-12-31',NULL),(43148,'Tim Love\'s Cricket','1985-12-31',NULL),(43191,'Fore','1973-12-31',NULL),(43193,'Hi-Deal','1975-10-31',NULL),(43194,'Hi-Lo Ace','1973-10-31',NULL),(43195,'Kick Off','1977-06-30',NULL),(43196,'Delta Queen','1974-07-31',NULL),(43197,'Flicker','1975-01-31',NULL),(43215,'Dokapon Gaiden: Honoo no Audition','1995-12-01',NULL),(43238,'Galaxy at War Online','2013-05-22',NULL),(43240,'Ghostbusters','2013-01-25',NULL),(43248,'Fruitcraft','2013-09-30',NULL),(43298,'Front Page Sports: Ski Racing','1997-11-30',NULL),(43304,'Gooka','1997-12-31',NULL),(43325,'Girls\' Fashion Shoot','2013-11-22',NULL),(43362,'Gods Will Be Watching','2013-04-30',NULL),(43397,'Getsuei Gakuen Kou','2013-10-10',NULL),(43478,'Famicom Bunko: Hajimari no Mori','1999-07-01',NULL),(43522,'Football Manager 2014','2013-10-30',NULL),(43527,'Dyna Brothers 2','1993-12-03',NULL),(43557,'Flight Academy','2002-08-29',NULL),(43586,'Formula Truck 2013','2013-04-10',NULL),(43646,'The World\'s Biggest Pac-Man','2011-04-13',NULL),(43715,'Gates of Skeldal','1998-11-01',NULL),(43719,'Glass Heart Princess: PLATINUM','2013-11-07',NULL),(43732,'Gravi','2013-03-05',NULL),(43733,'Forge Quest','2013-12-31',NULL),(43820,'College Football\'s National Championship II','1995-12-31',NULL),(43915,'Gaist Crusher','2013-12-05',NULL),(43937,'Game Stock Car 2013','2013-09-30',NULL),(43951,'Shooting Gallery','1972-12-31',NULL),(44015,'Gas Guzzlers Extreme','2013-10-08',NULL),(44031,'Giant Boulder of Death','2013-09-06',NULL),(44033,'Giana Sisters: Twisted Dreams - Rise of the Owlverlord','2013-09-26',NULL),(44049,'Flipper','2013-08-09',NULL),(44069,'Terebi Oekaki','1985-12-31',NULL),(44136,'Glare','2013-10-09',NULL),(44178,'The Legend of the Dragonflame High School: Youth Battle Story','2011-01-17',NULL),(44338,'Gangs of Space','2013-10-31',NULL),(44411,'The Pyramids of Egypt','1985-12-31',NULL),(44421,'Gender Bender DNA Twister Extreme','2013-08-13',NULL),(44432,'Gentlemen!','2013-11-05',NULL),(44461,'FootLOL','2013-09-05',NULL),(44469,'The Chronicles of Shakespeare: Romeo & Juliet','2011-10-05',NULL),(44537,'The Screamer','1985-05-25',NULL),(44539,'The Earth Fighter Rayieza','1985-10-31',NULL),(44575,'The Rolling Stones','2011-12-31',NULL),(44580,'Citadel','1995-12-31',NULL),(44593,'Fort Defense','2013-05-26',NULL),(44625,'Gomo','2013-12-06',NULL),(44627,'Gravity Badgers','2013-10-23',NULL),(44637,'Garfield Kart','2013-11-13',NULL),(44692,'FortressCraft Evolved!','2013-12-10',NULL),(44702,'Foiled','2013-11-09',NULL),(44709,'Mujintou Monogatari R: Futari no Love Love Ai Land','1998-05-28',NULL),(44710,'Goiken Muyou: Anarchy in the Nippon','1997-10-02',NULL),(44712,'Goiken Muyou II','1998-10-28',NULL),(44762,'Football Manager Handheld 2014','2013-11-18',NULL),(44786,'Bedlam 2: Absolute Bedlam','1997-12-31',NULL),(44810,'Grumpy Cat: Unimpressed','2013-12-19',NULL),(44916,'Germs: Nerawareta Machi','1999-07-22',NULL),(45017,'Metalgun Slinger','2002-09-27',NULL),(45027,'G.O.D Pure: Growth or devolution','1998-02-26',NULL),(45029,'Hikaru no Go: Insei Choujou Kessen','2002-12-19',NULL),(45030,'Hikaru no Go: Heian Gensou Ibunroku','2002-05-30',NULL),(45031,'Hikaru no Go 2','2002-07-18',NULL),(45059,'Gunslinger Stratos 2','2013-11-07',NULL),(45099,'AYSO Soccer \'97','1997-03-31',NULL),(45116,'3D Ultra Mini Golf','1997-05-31',NULL),(45127,'ABC Monday Night Football \'98','1997-09-30',NULL),(45140,'All-Star 1997 Featuring Frank Thomas','1997-06-30',NULL),(45159,'Midnight Run','1998-03-31',NULL),(45169,'Fox Tales: The Skeleton King','2013-09-27',NULL),(45176,'Guntu Western Front June, 1944','1997-11-30',NULL),(45177,'Front Page Sports: Football Pro \'98','1997-10-31',NULL),(45201,'Microsoft Baseball 3D','1998-05-31',NULL),(45220,'All Japan Pro Wrestling Featuring Virtua','1997-10-31',NULL),(45254,'Extreme Winter Sports','1999-04-30',NULL),(45256,'HardBall 99','1998-10-31',NULL),(45257,'GUNNM Martian Memory','1998-08-31',NULL),(45260,'Freestyle Boardin\' \'99','1999-02-28',NULL),(45261,'Microsoft Golf 1999 Edition','1998-12-31',NULL),(45318,'Ganso Jajamaru-kun','1999-04-15',NULL),(45319,'Motteke Tamago Ganbare Kamonohashi','1998-07-02',NULL),(45323,'Goscurry','2013-12-03',NULL),(45336,'Full Strength Strongman Competition','1999-12-31',NULL),(45390,'Paddle Battle','1973-03-31',NULL),(45446,'Montezuma\'s Return!','1998-12-31',NULL),(45456,'Glacier Blast','2013-09-13',NULL),(45493,'Gunmen Wars','1998-12-31',NULL),(45497,'Geten no Hana','2013-03-28',NULL),(45519,'Gaurodan','2013-07-31',NULL),(45549,'Mata Hari','1977-09-26',NULL),(45614,'Toaru Majutsu no Index','2011-01-27',NULL),(45871,'Battlecruiser Millennium','2001-11-30',NULL),(45928,'Dirt Dash','1995-12-31',NULL),(45984,'Mimesis Online','2002-01-16',NULL),(46011,'Global Touring Challenge: Africa','2002-06-14',NULL),(46015,'Dragon\'s Earth','1993-01-22',NULL),(46270,'Frozen Bubble','2002-02-08',NULL),(46302,'Nantettatte!! Baseball','1991-02-28',NULL),(46324,'Them: The Summoning','2011-12-31',NULL),(46332,'Fun! Fun! Pingu','1999-11-18',NULL),(46373,'Heroine Dream 2','1998-06-25',NULL),(46708,'Hajime no Ippo: The Fighting!','1997-07-31',NULL),(46742,'Fighting Illusion: K-1 Grand Prix \'98','1998-11-26',NULL),(46757,'Meitantei Conan: Giwaku no Gouka Ressha','1998-08-07',NULL),(46822,'Dekitate High School','1995-07-07',NULL),(46844,'Fun School 7: For ages 8-11','1998-12-31',NULL),(46901,'Frozen: Olaf\'s Quest','2013-11-12',NULL),(46929,'Maho Shojo Pretty Sammy: Heart no Kimochi','1998-01-29',NULL),(46958,'Gaiabreaker','2013-12-25',NULL),(46966,'Sprint 2','1976-12-31',NULL),(46967,'Sprint 4','1977-06-30',NULL),(46968,'Sprint 8','1977-12-31',NULL),(46999,'Time 2000','1977-06-30',NULL),(47042,'Frozen Free Fall','2013-11-20',NULL),(47055,'Time of Fury','2011-11-19',NULL),(47081,'Heiwa Pachinko World 64','1997-11-28',NULL),(47093,'Generation of Chaos Next','2002-04-25',NULL),(47276,'The King of Fighters Encounter','2011-10-18',NULL),(47306,'Blade of Honor','2001-12-31',NULL),(47370,'Masters of the Universe: The Movie','1987-12-31',NULL),(47406,'The Smurfs','2011-07-19',NULL),(47412,'Monster Race Okawari','1998-10-02',NULL),(47480,'Dynamic Stadium','1993-11-26',NULL),(47559,'The Pilgrim\'s Progress: The Video Game','2011-06-13',NULL),(47729,'Beatmania III: Append 6th Mix','2001-07-31',NULL),(47740,'Galaga Special Edition','2013-01-17',NULL),(47748,'Grand Truckismo','2013-11-11',NULL),(47790,'Gridiron','1977-12-31',NULL),(47791,'Gridiron Thunder','2013-12-20',NULL),(47831,'Castrol Honda VTR','2001-02-09',NULL),(47884,'Donna Matrix','1993-12-31',NULL),(47921,'Masters \'98: Haruka Naru Augusta','1998-12-26',NULL),(47978,'Aerobatics','1977-03-31',NULL),(47983,'Game of War: Fire Age','2013-09-30',NULL),(48048,'Big Shot','1973-08-31',NULL),(48139,'Fuuraiki 3','2013-05-31',NULL),(48287,'Lupin the 3rd: The Typing','2002-12-31',NULL),(48309,'Chess','2001-11-29',NULL),(48355,'Fureraba: Friend to Lover','2013-06-28',NULL),(48624,'Growtopia','2013-01-11',NULL),(48770,'F1 World Grand Prix: 1999 Season','1999-11-30',NULL),(48783,'All Star Soccer','1997-08-31',NULL),(48839,'Land of Neverwhere','1987-12-31',NULL),(48840,'Mayhem','1987-12-31',NULL),(48910,'Mikagura Shoujo Tanteidan','1998-09-17',NULL),(48911,'Satellite 7','1985-12-20',NULL),(49078,'Gardening Mama 2: Forest Friends','2013-09-26',NULL),(49308,'F.A. Manager','1999-06-30',NULL),(49549,'Pallanda','1991-12-31',NULL),(49552,'Wander','1974-12-31',NULL),(49622,'I-Xera','1987-12-31',NULL),(49625,'Spy Games: Elevator Mission','2007-11-16',NULL),(49705,'Secret of Kandar','1985-12-31',NULL),(49735,'Murder on the Eurasia Express','1998-11-26',NULL),(49737,'Evolve! Lite','1993-12-31',NULL),(49824,'Seventh Cavalry','1985-12-31',NULL),(49927,'The Matter of the Monster','2011-05-07',NULL),(49940,'Roulette','1972-08-31',NULL),(49941,'States','1972-08-31',NULL),(50114,'Babel','1997-12-31',NULL),(50128,'For a Change','1999-12-31',NULL),(50136,'Suveh Nux','2007-12-31',NULL),(50232,'Space Freeks','1985-12-31',NULL),(50296,'Christminster','1995-12-31',NULL),(50304,'Exhibition','1999-12-31',NULL),(50342,'Front Office Football Seven','2013-12-13',NULL),(50384,'Battle-Girl','1997-09-30',NULL),(50541,'Guacamelee! Gold Edition','2013-08-08',NULL),(50594,'Cabela\'s Big Game Hunter: Ultimate Challenge','2001-12-04',NULL),(51036,'Double Yakuman','1993-03-19',NULL),(51041,'Double Yakuman Jr.','1993-08-19',NULL),(51042,'Double Yakuman II','1993-09-17',NULL),(51199,'Arkanoid Returns','1997-12-31',NULL),(51535,'Pachiokun 4','1991-11-22',NULL),(51540,'Pachiokun: Maboroshi no Densetsu','1991-04-19',NULL),(52045,'Fighter Pilot','1998-09-30',NULL),(52046,'Activision Game Vault: Volume 3','1997-12-31',NULL),(52271,'Fisher-Price: Ready for School - Kindergarten','1998-12-31',NULL),(52568,'Orbits: Voyage Through the Solar System','1991-12-31',NULL),(52580,'Garfield Saves The Holidays','2013-12-20',NULL),(52756,'Kid no Horehore Daisakusen','1987-12-31',NULL),(52760,'Magi Death Fight: Mahou Gakuen','2002-07-04',NULL),(52958,'Math Blaster Ages 4-6','1991-12-31',NULL),(52962,'Derby Stallion III','1995-01-20',NULL),(53120,'Classic Road II','1995-02-24',NULL),(53205,'Forbidden Planet','2013-09-23',NULL),(53450,'Dirt Racer','1995-05-31',NULL),(53812,'Memorial Series: Sunsoft vol. 4','2002-02-14',NULL),(53813,'Memorial Series: Sunsoft vol. 5','2002-03-28',NULL),(53815,'Memorial Series: Sunsoft vol. 6','2002-11-21',NULL),(53820,'Love Game\'s Wai Wai Tennis Plus','2002-03-28',NULL),(53822,'Hard Hitter 2','2002-02-07',NULL),(53850,'Green\'s Xmas Collection','2002-12-21',NULL),(54032,'Crackin\' DJ Part 2','2001-12-31',NULL),(54094,'Derby Jockey 2','1995-09-29',NULL),(54126,'Medal City','1991-12-31',NULL),(54130,'Paddle Fighter','1991-12-31',NULL),(54161,'The Mirror Lied','2011-09-12',NULL),(54183,'Club Kart: European Session','2001-12-31',NULL),(54267,'Matt Hayes\' Fishing','2002-03-22',NULL),(54276,'Circus','1977-04-30',NULL),(54278,'Combat','1977-09-30',NULL),(54368,'Hissatsu Pachinko Station 2','1997-12-25',NULL),(54369,'Hissatsu Pachi-Slot Station','1998-08-20',NULL),(54370,'Hissatsu Pachinko Station: Monster House Special','1998-10-29',NULL),(54371,'Hissatsu Pachinko Station 3','1998-12-17',NULL),(54374,'Formation Soccer 2002','2002-05-02',NULL),(54596,'Ghost Vibration','2002-07-04',NULL),(54922,'Metal Stoker','1991-07-12',NULL),(55248,'The Infinite Black','2011-08-24',NULL),(55279,'Aztec','1976-07-31',NULL),(55280,'Quick Draw','1975-06-30',NULL),(55281,'Jumping Jack','1973-05-31',NULL),(55332,'Daibakushou: Jinsei Gekijou: Zukkoke Salaryman Hen','1995-12-29',NULL),(55421,'Override','1991-01-08',NULL),(55433,'Obocchama-kun','1991-03-15',NULL),(55558,'Morita Shogi PC','1991-09-27',NULL),(55669,'Gravity Blocks: The Last Rotation','2013-12-03',NULL),(55672,'Monster Pro Wrestling','1991-11-22',NULL),(55699,'Niko Niko Pun','1991-12-13',NULL),(56809,'That\'s the Spirit','1985-12-31',NULL),(56907,'Spell of Destruction','1985-12-31',NULL),(57139,'Gunvari Collection + Time Crisis','2002-12-12',NULL),(57299,'Crazy Arcade','2001-10-16',NULL),(57376,'Dino Jnr. in Canyon Capers ','1993-12-31',NULL),(57536,'Dirty Racing','1993-01-08',NULL),(57741,'Glove on Fight','2002-05-12',NULL),(57751,'Fever: Sankyo Koushiki Pachinko Simulation for WonderSwan','1999-12-09',NULL),(57835,'They Sold a Million','1985-12-31',NULL),(57842,'Laurel & Hardy','1987-12-31',NULL),(58607,'Dinosaur Park','1993-07-20',NULL),(58727,'The iDOLM@STER Cinderella Girls','2011-03-28',NULL),(59199,'Super Game Collection','1985-12-31',NULL),(59335,'Playtron','1973-12-31',NULL),(59467,'Empire of Angels I','1993-03-31',NULL),(59480,'Jet Rocket','1970-12-31',NULL),(59484,'Gun Smoke','1975-12-31',NULL),(59588,'Dr. Tomy','1993-12-31',NULL),(59733,'Gunbare! Game Tengoku: The Game Paradise 2','1998-03-19',NULL),(59789,'Fune Tarou','1997-08-01',NULL),(59797,'Bakukyuu Renpatsu!! Super B-Daman','1997-12-19',NULL),(60069,'Asuka 120% Excellent Burning Fest.','1997-05-07',NULL),(60074,'Touch Battle Tank 3D','2011-10-26',NULL),(60077,'Genjuu Ryodan','1998-06-01',NULL),(60118,'Megalit','1991-08-09',NULL),(60291,'G1 Jockey','1999-03-11',NULL),(60317,'Cliff Johnson\'s Labyrinth of Crete ','1995-12-31',NULL),(60445,'Gintama no Sugoroku','2013-01-24',NULL),(60479,'G-Vector','1997-10-16',NULL),(60904,'Pong-Tron','1973-07-31',NULL),(60905,'Pong-Tron II','1973-11-30',NULL),(60908,'Star Trek','1972-12-31',NULL),(60909,'Computer Space Ball','1973-12-31',NULL),(60926,'Buttsubushi','2001-03-01',NULL),(60964,'Bakuretsu Hunter R','1997-08-08',NULL),(60973,'Etoile Princesse','1993-03-26',NULL),(61158,'Mamono Hunter Yohko','1991-03-22',NULL),(61240,'PT-109','1975-11-30',NULL),(61259,'Guardian Force','1998-08-06',NULL),(61260,'Arcana Strikes','1997-12-11',NULL),(61273,'Nanosaur','1998-04-06',NULL),(61449,'Elepong','1973-12-31',NULL),(61450,'Pro Hockey','1973-12-31',NULL),(61506,'Gingiva','2013-09-22',NULL),(61570,'The Treasures of Montezuma 3','2011-05-19',NULL),(61893,'Stunt Cycle','1976-12-31',NULL),(62111,'Fortune Cookies','2013-06-04',NULL),(62160,'Super Huey','1985-12-31',NULL),(62177,'F-1','1976-11-30',NULL),(62520,'Shiro to Kuro no Densetsu: Hyakki-Hen','1985-11-30',NULL),(62524,'Makai Fukkatsu','1987-04-30',NULL),(62570,'Sumomomo Momomo ~Shijou Saikyou no Yome~ Keishou Shimasho!? Koi no Hanamuko Soudatsusen!!','2007-06-21',NULL),(62576,'Hoshi de Hakken!! Tamagotchi','1998-02-19',NULL),(62577,'Game de Hakken!! Tamagotchi 2','1997-10-17',NULL),(62578,'Tamagotchi no Furi Furi Kagekidan!','2007-12-06',NULL),(62581,'Tamagotchi no Appare! Niji-Venture','2007-03-29',NULL),(62679,'Lazer Tag','1987-12-31',NULL),(62685,'Roland\'s Ratrace ','1985-12-31',NULL),(62694,'Country Vid Grid','1995-12-31',NULL),(62762,'Geometry Duel','1998-10-29',NULL),(62797,'Happy Bell Lovex2 Honeymoon','2002-05-31',NULL),(62799,'Magical Kanan','1998-12-17',NULL),(62952,'Outzone','1991-12-31',NULL),(62962,'Grimoire no Shisho','2013-06-28',NULL),(63050,'Fighting Eyes','1998-12-17',NULL),(63059,'Hittin Switchez','2002-12-31',NULL),(63140,'Touki Kyouka','2011-08-26',NULL),(63742,'Highnoon','1970-09-12',NULL),(63900,'Locodriver','1987-12-31',NULL),(63901,'Locodriver 2','1987-12-31',NULL),(63902,'Locodriver 3','1987-12-31',NULL),(63912,'Ski Command','1985-12-31',NULL),(64265,'Super Soccer','1985-12-31',NULL),(64271,'Country Varmint Hunter','2001-10-15',NULL),(64406,'Liberator ','1987-12-31',NULL),(64552,'The Human Race ','1985-12-31',NULL),(64605,'Kromazone','1987-12-31',NULL),(64629,'Sprout','2007-03-10',NULL),(64681,'G-Stream G2020','2002-12-31',NULL),(64726,'Double Match','1993-12-31',NULL),(64727,'DeQuoter','1993-06-30',NULL),(64757,'Euchre','1993-12-31',NULL),(65018,'Depthcharge','1977-09-30',NULL),(65078,'Hazard','1998-09-30',NULL),(65108,'Magical Broom eXtreme','2002-02-20',NULL),(65184,'Tehkan World Cup','1985-12-31',NULL),(65293,'Grim & Evil: Battle Forts','2002-07-12',NULL),(65327,'Freecell Solitaire','2013-10-16',NULL),(65406,'Hockey TV','1973-12-31',NULL),(65463,'Lilo & Stitch: Hawaiian Adventure','2002-06-22',NULL);
/*!40000 ALTER TABLE `juego` ENABLE KEYS */;
UNLOCK TABLES;

--
-- Table structure for table `p_tiene_j`
--

DROP TABLE IF EXISTS `p_tiene_j`;
/*!40101 SET @saved_cs_client     = @@character_set_client */;
/*!50503 SET character_set_client = utf8mb4 */;
CREATE TABLE `p_tiene_j` (
  `id_juego` decimal(10,0) NOT NULL,
  `id_plataforma` decimal(10,0) NOT NULL,
  PRIMARY KEY (`id_plataforma`,`id_juego`),
  KEY `REF_p_TIE_juego_IND` (`id_juego`),
  CONSTRAINT `EQU_p_TIE_plata` FOREIGN KEY (`id_plataforma`) REFERENCES `plataforma` (`id_plataforma`),
  CONSTRAINT `REF_p_TIE_juego_FK` FOREIGN KEY (`id_juego`) REFERENCES `juego` (`id_juego`)
) ENGINE=InnoDB DEFAULT CHARSET=utf8mb4 COLLATE=utf8mb4_0900_ai_ci;
/*!40101 SET character_set_client = @saved_cs_client */;

--
-- Dumping data for table `p_tiene_j`
--

LOCK TABLES `p_tiene_j` WRITE;
/*!40000 ALTER TABLE `p_tiene_j` DISABLE KEYS */;
INSERT INTO `p_tiene_j` VALUES (44,21),(44,138),(58,94),(80,1),(80,13),(80,14),(80,16),(87,1),(87,6),(87,12),(87,13),(87,21),(87,38),(87,94),(143,1),(143,13),(143,94),(181,94),(192,94),(231,94),(250,1),(250,9),(250,13),(250,17),(250,29),(250,53),(250,55),(250,87),(250,94),(250,95),(250,108),(289,1),(289,3),(289,4),(289,6),(289,8),(289,13),(289,14),(289,39),(289,86),(289,88),(289,94),(289,125),(307,1),(307,6),(307,13),(307,14),(307,84),(307,95),(312,8),(331,1),(331,13),(342,1),(342,94),(342,140),(349,21),(359,1),(359,11),(359,13),(359,14),(359,16),(359,94),(365,94),(400,25),(400,59),(400,84),(474,94),(481,94),(486,94),(494,22),(494,84),(494,88),(494,94),(494,116),(543,1),(550,22),(550,42),(550,84),(578,6),(578,95),(627,1),(627,13),(627,14),(627,94),(670,66),(675,1),(675,13),(675,14),(675,94),(723,15),(723,87),(723,129),(723,143),(758,22),(758,94),(782,6),(806,94),(851,11),(851,14),(851,16),(864,1),(864,17),(864,72),(864,94),(864,96),(864,121),(864,123),(871,57),(871,65),(881,21),(901,21),(962,42),(1019,94),(1051,11),(1051,15),(1051,16),(1051,94),(1055,3),(1055,13),(1055,24),(1055,40),(1055,57),(1055,67),(1055,84),(1055,86),(1055,94),(1055,96),(1067,1),(1067,12),(1067,14),(1067,17),(1067,94),(1126,84),(1134,17),(1134,94),(1166,1),(1166,11),(1166,13),(1166,14),(1166,16),(1166,84),(1166,94),(1192,1),(1192,16),(1192,21),(1216,21),(1220,21),(1265,1),(1265,13),(1265,14),(1265,94),(1289,1),(1289,11),(1289,13),(1289,14),(1289,16),(1289,94),(1309,3),(1332,1),(1332,17),(1332,94),(1334,9),(1334,87),(1334,139),(1334,156),(1338,3),(1338,21),(1410,40),(1410,70),(1416,4),(1416,6),(1416,86),(1416,87),(1416,88),(1416,94),(1416,96),(1416,121),(1416,123),(1424,22),(1424,43),(1424,94),(1428,1),(1428,6),(1428,94),(1441,1),(1441,13),(1441,14),(1441,94),(1452,55),(1452,87),(1452,139),(1583,1),(1583,11),(1583,13),(1583,14),(1583,15),(1583,16),(1583,94),(1612,17),(1612,94),(1622,21),(1624,21),(1649,94),(1656,94),(1659,1),(1659,13),(1700,6),(1700,8),(1700,94),(1716,19),(1716,22),(1716,26),(1716,29),(1716,84),(1768,21),(1768,87),(1768,138),(1768,139),(1790,21),(1801,21),(1811,40),(1811,86),(1839,94),(1844,94),(1850,7),(1850,21),(1850,87),(1850,138),(1850,139),(1853,3),(1853,21),(1853,87),(1856,1),(1856,21),(1904,94),(1917,94),(1967,1),(1967,94),(1994,21),(1994,84),(1997,55),(2073,1),(2073,13),(2073,14),(2073,94),(2093,1),(2093,13),(2093,14),(2093,94),(2119,25),(2119,59),(2119,84),(2119,87),(2119,88),(2119,116),(2119,145),(2119,146),(2119,157),(2142,11),(2142,15),(2142,16),(2142,94),(2207,21),(2213,5),(2213,8),(2215,43),(2231,21),(2231,57),(2277,1),(2277,13),(2277,14),(2277,16),(2277,21),(2277,94),(2299,21),(2307,21),(2332,1),(2332,13),(2332,94),(2336,1),(2336,12),(2336,14),(2336,94),(2380,1),(2380,13),(2388,21),(2388,87),(2388,139),(2416,22),(2418,1),(2418,13),(2418,94),(2429,6),(2429,84),(2448,1),(2448,17),(2448,29),(2448,94),(2487,1),(2487,13),(2487,94),(2489,94),(2506,94),(2533,70),(2541,12),(2541,94),(2554,94),(2558,94),(2563,1),(2563,13),(2563,94),(2568,1),(2568,4),(2627,1),(2627,13),(2627,94),(2631,1),(2631,13),(2631,94),(2631,108),(2642,1),(2642,13),(2653,6),(2653,94),(2685,6),(2685,29),(2685,95),(2690,94),(2701,1),(2701,11),(2701,13),(2701,14),(2701,15),(2701,16),(2701,94),(2764,21),(2790,1),(2790,13),(2790,14),(2790,94),(2840,9),(2840,84),(2848,1),(2848,11),(2848,13),(2848,94),(2853,3),(2976,11),(2976,15),(2976,16),(2976,94),(2980,17),(2980,19),(2980,94),(2980,152),(3011,94),(3012,21),(3012,147),(3017,3),(3017,21),(3017,55),(3019,1),(3019,13),(3019,17),(3019,29),(3019,35),(3019,86),(3019,88),(3019,94),(3019,96),(3019,108),(3019,142),(3146,1),(3146,94),(3206,12),(3206,24),(3206,62),(3206,63),(3225,66),(3241,3),(3273,94),(3294,40),(3558,94),(3568,94),(3605,22),(3610,1),(3610,13),(3610,94),(3713,1),(3713,13),(3779,17),(3779,22),(3779,26),(3779,42),(3779,94),(4002,94),(4116,21),(4116,84),(4116,139),(4278,94),(4279,60),(4384,17),(4384,22),(4384,42),(4384,43),(4384,94),(4457,1),(4457,94),(4688,1),(4688,94),(4787,66),(4814,94),(4879,1),(4879,13),(4879,94),(4935,94),(4987,94),(5221,94),(5248,94),(5348,40),(5348,86),(5348,94),(5368,40),(5368,86),(5368,94),(5472,17),(5472,94),(5544,94),(5570,22),(5570,88),(5570,116),(5585,94),(5591,1),(5636,57),(5636,94),(5698,1),(5698,11),(5698,13),(5698,14),(5698,16),(5698,94),(5698,125),(5708,3),(5708,138),(5719,66),(5741,17),(5741,22),(5741,42),(5741,94),(5887,94),(5896,94),(6030,94),(6133,1),(6133,17),(6133,94),(6235,94),(6263,94),(6347,94),(6431,94),(6726,1),(6726,17),(6726,94),(6800,22),(6800,42),(6920,1),(6920,13),(6920,17),(6920,94),(6920,162),(6943,94),(6967,94),(6989,11),(6989,16),(7086,94),(7238,6),(7238,13),(7238,53),(7238,84),(7238,88),(7238,116),(7243,22),(7243,42),(7631,94),(7644,94),(7772,17),(7772,94),(7926,22),(7926,94),(7936,94),(7998,6),(7998,15),(7998,53),(7998,112),(8010,74),(8141,21),(8141,22),(8141,87),(8141,88),(8141,96),(8141,116),(8141,121),(8141,123),(8141,138),(8141,139),(8141,143),(8456,94),(8704,1),(8704,13),(8704,94),(8725,94),(8783,1),(8783,5),(8783,8),(8783,11),(8783,13),(8783,14),(8783,16),(8792,22),(8885,21),(8885,84),(8885,87),(8885,138),(8885,139),(9069,94),(9199,9),(9249,9),(9249,22),(9249,52),(9249,87),(9249,88),(9249,96),(9249,116),(9249,121),(9249,123),(9249,143),(9482,43),(9482,84),(9643,94),(9720,17),(9720,94),(9720,96),(9782,1),(9782,13),(9957,57),(9957,138),(9958,94),(10423,94),(10429,94),(10485,17),(10485,94),(10500,94),(10514,94),(10528,1),(10528,17),(10528,86),(10528,88),(10528,94),(10528,96),(10528,108),(10528,121),(10568,22),(10572,94),(10663,14),(10663,62),(10663,63),(10663,94),(10663,96),(10730,94),(10752,14),(10752,30),(10752,84),(10804,1),(10812,94),(10820,94),(11102,21),(11122,94),(11132,1),(11208,84),(11299,1),(11313,94),(11371,22),(11371,43),(11371,57),(11371,88),(11371,94),(11393,57),(11393,94),(11451,94),(11467,94),(11672,1),(11680,17),(11680,94),(11735,94),(11775,94),(11813,22),(11813,88),(11813,116),(11813,143),(11873,94),(11974,1),(11974,13),(11974,94),(11974,125),(11990,22),(12061,94),(12155,94),(12245,22),(12245,37),(12245,43),(12245,84),(12296,21),(12559,1),(12559,9),(12559,17),(12559,29),(12559,53),(12559,94),(12559,108),(12987,21),(13006,94),(13016,21),(13025,94),(13034,22),(13049,14),(13049,40),(13049,84),(13049,85),(13049,86),(13049,100),(13172,43),(13230,17),(13230,94),(13230,143),(13230,146),(13230,152),(13387,94),(13423,21),(13460,28),(13462,22),(13478,3),(13522,1),(13522,4),(13522,39),(13522,84),(13567,22),(13567,57),(13567,94),(13617,12),(13617,14),(13617,40),(13617,84),(13617,86),(13729,48),(14252,1),(14252,14),(14485,17),(14485,22),(14485,88),(14485,94),(14485,116),(14547,3),(14547,138),(14553,17),(14553,94),(14875,17),(14875,94),(14881,94),(14950,21),(14950,84),(14965,74),(15313,66),(15441,66),(15461,1),(15461,13),(15461,14),(15461,94),(15543,42),(15543,94),(15632,94),(15636,22),(15636,43),(15636,94),(15754,22),(15754,42),(15754,84),(15754,88),(15754,116),(15754,143),(15775,3),(15775,5),(15775,6),(15775,9),(15798,22),(15798,94),(15860,17),(15860,94),(15945,22),(15945,43),(15945,57),(15945,94),(16020,17),(16020,22),(16020,42),(16020,94),(16028,40),(16196,111),(16358,1),(16358,9),(16358,13),(16358,94),(16656,22),(16656,88),(16981,1),(16981,17),(16981,94),(17083,1),(17083,13),(17083,94),(17083,96),(17083,121),(17088,94),(17134,3),(17134,138),(17144,8),(17164,9),(17164,98),(17392,12),(17413,22),(17434,17),(17434,94),(17483,1),(17483,4),(17483,6),(17483,9),(17483,13),(17483,17),(17483,26),(17483,29),(17483,38),(17483,88),(17483,94),(17483,96),(17483,123),(17483,138),(17483,139),(17483,143),(17483,145),(17483,146),(17483,154),(17525,94),(17598,111),(17739,43),(17825,3),(17826,40),(17826,84),(17826,86),(17826,94),(17831,18),(17831,21),(17831,87),(17831,138),(17832,1),(17852,12),(17852,17),(17852,24),(17852,63),(17852,94),(18085,94),(18201,94),(18216,9),(18250,94),(18317,22),(18317,94),(18328,17),(18328,94),(18423,9),(18461,94),(18644,94),(18723,42),(18737,84),(18737,94),(19081,17),(19081,94),(19269,94),(19285,1),(19285,94),(19291,32),(19291,94),(19301,1),(19301,17),(19301,94),(19402,94),(19420,55),(19420,87),(19420,88),(19466,94),(19476,40),(19814,94),(19818,66),(19864,18),(19864,22),(19864,88),(19907,1),(19907,17),(19907,94),(19931,19),(19931,37),(19931,84),(19945,40),(19953,9),(19953,17),(19953,22),(19953,42),(19953,94),(19972,8),(20092,22),(20092,94),(20348,22),(20348,94),(20362,22),(20362,42),(20362,94),(20409,94),(20412,94),(20413,6),(20413,9),(20413,15),(20413,21),(20413,22),(20413,53),(20413,94),(20413,95),(20413,108),(20413,112),(20713,84),(21266,94),(21288,22),(21711,84),(21763,42),(21806,17),(21806,94),(22059,3),(22195,84),(22195,94),(22403,42),(22403,84),(22461,22),(22461,94),(22489,43),(22512,43),(22740,84),(22752,43),(22833,43),(22855,37),(22891,22),(23009,22),(23009,84),(23048,84),(23086,9),(23086,22),(23131,111),(23137,17),(23137,94),(23227,94),(23246,40),(23246,86),(23246,94),(23446,94),(23660,84),(24032,3),(24165,13),(24165,94),(24276,84),(24278,42),(24517,84),(25198,94),(25311,5),(25408,75),(26263,1),(26263,6),(26263,13),(26263,86),(26263,94),(26544,94),(26664,66),(26665,66),(26666,66),(26667,66),(26668,66),(26669,66),(26670,66),(26671,66),(26935,94),(26955,94),(27010,14),(27190,84),(27190,120),(27407,75),(27408,75),(27569,43),(27606,22),(27606,94),(27794,84),(27942,84),(28154,111),(28343,21),(28343,87),(28773,84),(28798,84),(29093,42),(29098,94),(29119,94),(29239,22),(29239,42),(29302,6),(29797,111),(29798,111),(29799,111),(29965,84),(30095,6),(30421,84),(30464,9),(30504,118),(30643,120),(30654,120),(30665,120),(30738,17),(30860,9),(30887,9),(31088,84),(31114,17),(31277,24),(31291,42),(31887,42),(31925,6),(31949,9),(31949,22),(31949,65),(31949,87),(31949,94),(31949,139),(32574,14),(32574,84),(32574,120),(32585,4),(32585,22),(32637,14),(32676,84),(32677,84),(33200,1),(33200,13),(33200,14),(33200,94),(33456,74),(33457,74),(33471,22),(33472,22),(33491,74),(34284,40),(34579,131),(34580,131),(34581,131),(34582,131),(34583,131),(34584,131),(34585,131),(34586,131),(34587,131),(34588,131),(34593,131),(34595,131),(34658,3),(34755,22),(34755,88),(34799,22),(34799,88),(34874,43),(35052,84),(35536,22),(35536,42),(35536,84),(35536,88),(35536,116),(36495,84),(36496,84),(36499,84),(36504,84),(36540,84),(36563,84),(36566,55),(36566,88),(36566,116),(36566,139),(36587,84),(36918,94),(37025,22),(37083,17),(37083,94),(37083,140),(37083,152),(37277,3),(37277,138),(37643,42),(37643,84),(37661,3),(37661,57),(37739,74),(38314,22),(38975,94),(39087,6),(39316,84),(39458,42),(39848,84),(40322,59),(40340,94),(40422,21),(40495,3),(40614,84),(40947,84),(40949,84),(40950,84),(41013,31),(41531,84),(41747,94),(41753,94),(41761,42),(42238,84),(42337,94),(42337,112),(42607,6),(42834,17),(42834,94),(42999,22),(42999,88),(43715,94),(43715,96),(43715,121),(43715,123),(43820,6),(43951,74),(44580,1),(44580,17),(44580,94),(44580,152),(44712,22),(44712,88),(44786,94),(45027,22),(45099,94),(45116,94),(45127,94),(45140,22),(45220,42),(45256,22),(45257,22),(45390,84),(45493,84),(46302,21),(46373,22),(46373,88),(46742,22),(46844,94),(46966,84),(46967,84),(46968,84),(48783,22),(49549,94),(49940,74),(49941,74),(50114,1),(50114,17),(50114,94),(50114,140),(50114,152),(50296,3),(50296,12),(50296,16),(50296,17),(50296,63),(50296,94),(50296,96),(50296,121),(50296,123),(50296,140),(50296,152),(50384,17),(50384,94),(51199,22),(51199,84),(51199,88),(51535,21),(51540,53),(52045,94),(52046,94),(52271,17),(52271,94),(52568,94),(53120,9),(54126,6),(54130,6),(54369,22),(54370,22),(54371,22),(54922,55),(55332,9),(55421,55),(55421,87),(55421,95),(55433,55),(55558,55),(55672,55),(55699,55),(59335,84),(59480,84),(59484,84),(59733,22),(59797,9),(60069,22),(60069,88),(60069,116),(60077,9),(60118,3),(60317,17),(60317,27),(60317,94),(60904,84),(60905,84),(60908,84),(60909,84),(60964,42),(61158,6),(61240,84),(61259,42),(61259,84),(61260,42),(61449,84),(61450,84),(61893,84),(62177,84),(62576,22),(62694,94),(62762,22),(62952,1),(62952,13),(63050,22),(63742,94),(63742,140),(65018,12),(65018,14),(65018,84),(65078,94);
/*!40000 ALTER TABLE `p_tiene_j` ENABLE KEYS */;
UNLOCK TABLES;

--
-- Table structure for table `plataforma`
--

DROP TABLE IF EXISTS `plataforma`;
/*!40101 SET @saved_cs_client     = @@character_set_client */;
/*!50503 SET character_set_client = utf8mb4 */;
CREATE TABLE `plataforma` (
  `id_plataforma` decimal(10,0) NOT NULL,
  `nombre` varchar(128) NOT NULL,
  `fecha` date NOT NULL,
  PRIMARY KEY (`id_plataforma`)
) ENGINE=InnoDB DEFAULT CHARSET=utf8mb4 COLLATE=utf8mb4_0900_ai_ci;
/*!40101 SET character_set_client = @saved_cs_client */;

--
-- Dumping data for table `plataforma`
--

LOCK TABLES `plataforma` WRITE;
/*!40000 ALTER TABLE `plataforma` DISABLE KEYS */;
INSERT INTO `plataforma` VALUES (1,'Amiga','1985-07-23'),(3,'Game Boy','1989-04-21'),(4,'Game Boy Advance','2001-03-21'),(5,'Game Gear','1990-10-28'),(6,'Genesis','1988-10-29'),(7,'Atari Lynx','1989-09-30'),(8,'Sega Master System','1985-10-20'),(9,'Super Nintendo Entertainment System','1990-11-21'),(11,'Amstrad CPC','1984-06-21'),(12,'Apple II','1977-06-30'),(13,'Atari ST','1985-04-01'),(14,'Commodore 64','1982-08-31'),(15,'MSX','1983-06-16'),(16,'ZX Spectrum','1982-04-20'),(17,'Mac','1984-01-31'),(18,'PlayStation Portable','2005-03-24'),(19,'PlayStation 2','2000-03-04'),(20,'Xbox 360','2005-11-22'),(21,'Nintendo Entertainment System','1983-07-15'),(22,'PlayStation','1994-12-03'),(23,'GameCube','2001-09-14'),(24,'Atari 8-bit','1979-11-30'),(25,'Neo Geo','1990-01-31'),(26,'3DO','1993-08-31'),(27,'CD-i','1991-12-03'),(28,'Jaguar','1993-11-30'),(29,'Sega CD','1992-10-15'),(30,'VIC-20','1980-05-31'),(31,'Sega 32X','1994-12-31'),(32,'Xbox','2001-11-30'),(34,'N-Gage','2003-10-07'),(35,'PlayStation 3','2006-11-11'),(36,'Wii','2006-11-19'),(37,'Dreamcast','1998-11-27'),(38,'Apple IIgs','1986-11-18'),(39,'Amiga CD32','1993-09-17'),(40,'Atari 2600','1977-10-31'),(42,'Saturn','1994-11-22'),(43,'Nintendo 64','1996-06-23'),(47,'ColecoVision','1982-08-31'),(48,'TI-99/4A','1981-06-30'),(51,'Intellivision','1979-01-31'),(52,'Nintendo DS','2004-11-21'),(53,'TurboGrafx-CD','1988-12-04'),(54,'WonderSwan Color','2000-12-09'),(55,'TurboGrafx-16','1987-10-30'),(57,'Game Boy Color','1998-10-31'),(58,'Commodore 128','1985-01-31'),(59,'Neo Geo CD','1994-10-31'),(60,'Odyssey 2','1978-12-02'),(61,'Dragon 32/64','1982-08-15'),(62,'Commodore PET/CBM','1977-07-15'),(63,'TRS-80','1980-10-01'),(64,'Zodiac','2003-10-31'),(65,'WonderSwan','1999-03-01'),(66,'Channel F','1976-07-31'),(67,'Atari 5200','1982-03-31'),(68,'TRS-80 CoCo','1980-12-31'),(70,'Atari 7800','1986-06-30'),(72,'iPod','2001-10-23'),(74,'Odyssey','1972-08-31'),(75,'PC-FX','1994-12-31'),(76,'Vectrex','1982-11-30'),(77,'Game.Com','1997-09-30'),(78,'Gizmondo','2005-10-01'),(79,'Virtual Boy','1995-07-02'),(80,'Neo Geo Pocket','1999-08-06'),(81,'Neo Geo Pocket Color','1999-03-16'),(82,'V.Smile','2005-08-29'),(84,'Arcade','1971-08-31'),(85,'NUON','1999-03-09'),(86,'Xbox 360 Games Store','2005-11-30'),(87,'Wii Shop','2006-11-30'),(88,'PlayStation Network (PS3)','2006-11-01'),(89,'Leapster','2003-11-29'),(90,'Microvision','1979-11-05'),(91,'Famicom Disk System','1983-07-31'),(92,'Pioneer LaserActive','1993-08-31'),(93,'Adventure Vision','1982-11-01'),(94,'PC','1981-08-12'),(95,'Sharp X68000','1987-03-31'),(96,'iPhone','2007-06-29'),(98,'Satellaview','1995-04-30'),(99,'Arcadia 2001','1982-03-31'),(100,'Aquarius','1983-06-01'),(101,'Nintendo 64DD','1999-11-30'),(102,'Pippin','1995-09-01'),(103,'R-Zone','1995-01-31'),(104,'HyperScan','2006-10-01'),(105,'Game Wave','2005-10-01'),(106,'DSiWare','2008-12-24'),(107,'RDI Halcyon','1984-12-31'),(108,'FM Towns','1989-03-31'),(109,'NEC PC-8801','1981-01-31'),(110,'BBC Micro','1981-09-30'),(111,'PLATO','1960-01-01'),(112,'NEC PC-9801','1982-10-31'),(113,'Sharp X1','1982-01-31'),(114,'FM-7','1982-11-01'),(115,'NEC PC-6001','1981-11-01'),(116,'PlayStation Network (PSP)','2008-10-21'),(117,'Nintendo 3DS','2011-02-26'),(118,'Sega Pico','1993-12-31'),(119,'SuperGrafx','1989-11-30'),(120,'Bally Astrocade','1977-01-01'),(121,'iPad','2010-04-27'),(122,'Zeebo','2009-06-25'),(123,'Android','2008-09-30'),(124,'Windows Phone','2010-11-14'),(125,'Acorn Archimedes','1987-07-31'),(126,'Casio Loopy','1995-10-01'),(127,'Bandai Playdia','1994-10-31'),(128,'Sharp MZ','1978-05-31'),(129,'PlayStation Vita','2012-02-29'),(131,'RCA Studio II','1977-01-01'),(132,'XaviXPORT','2004-08-28'),(133,'GamePark 32','2001-11-23'),(134,'Pokémon mini','2001-11-30'),(135,'Epoch Cassette Vision','1981-07-31'),(136,'Super Cassette Vision','1984-07-31'),(137,'Mega Duck','1993-08-31'),(138,'Nintendo 3DS eShop','2011-06-14'),(139,'Wii U','2012-11-18'),(140,'Browser','1991-08-31'),(141,'Sega SG-1000','1983-07-15'),(142,'Commodore CDTV','1991-03-01'),(143,'PlayStation Network (Vita)','2012-02-12'),(144,'Leapfrog Didj','2008-08-31'),(145,'Xbox One','2013-11-22'),(146,'PlayStation 4','2013-11-15'),(147,'Watara Supervision','1992-01-01'),(148,'Action Max','1986-12-21'),(149,'Casio PV-1000','1983-10-31'),(150,'Commodore 16','1984-09-01'),(151,'Super A\'Can','1995-10-31'),(152,'Linux','1991-10-05'),(153,'Memorex MD 2500 VIS','1992-12-31'),(154,'Ouya','2013-06-25'),(155,'Amazon Fire TV','2014-04-02'),(156,'New Nintendo 3DS','2014-10-11'),(157,'Nintendo Switch','2017-03-03'),(158,'Game Master','1990-12-31'),(159,'Apple TV','2015-10-26'),(160,'Sony SMC-777','1982-12-31'),(162,'SAM Coupé','1989-12-31'),(163,'View-Master Interactive Vision','1988-12-31'),(164,'Fuze Tomahawk F1','2016-06-01'),(165,'Tomy Tutor','1982-12-31'),(166,'Gamate','1990-12-31'),(168,'MicroBee','1982-02-01'),(169,'VTech Socrates','1988-12-31'),(170,'Luxor ABC80','1978-08-31'),(171,'Jaguar CD','1995-09-21');
/*!40000 ALTER TABLE `plataforma` ENABLE KEYS */;
UNLOCK TABLES;
/*!40103 SET TIME_ZONE=@OLD_TIME_ZONE */;

/*!40101 SET SQL_MODE=@OLD_SQL_MODE */;
/*!40014 SET FOREIGN_KEY_CHECKS=@OLD_FOREIGN_KEY_CHECKS */;
/*!40014 SET UNIQUE_CHECKS=@OLD_UNIQUE_CHECKS */;
/*!40101 SET CHARACTER_SET_CLIENT=@OLD_CHARACTER_SET_CLIENT */;
/*!40101 SET CHARACTER_SET_RESULTS=@OLD_CHARACTER_SET_RESULTS */;
/*!40101 SET COLLATION_CONNECTION=@OLD_COLLATION_CONNECTION */;
/*!40111 SET SQL_NOTES=@OLD_SQL_NOTES */;

-- Dump completed on 2023-12-28 10:09:00
